name,location,lat,long
Bagel - Honey Wheat,12th Avenue Bread Co.,39.9966994,-83.0138192
Frozen Pumpkin Latte (2%),12th Avenue Bread Co.,39.9966994,-83.0138192
Frozen Pumpkin Latte (Almond),12th Avenue Bread Co.,39.9966994,-83.0138192
Frozen Pumpkin Latte (Skim),12th Avenue Bread Co.,39.9966994,-83.0138192
Frozen Pumpkin Latte (Soy),12th Avenue Bread Co.,39.9966994,-83.0138192
Iced Pumpkin Spice Latte (w/2% Milk),12th Avenue Bread Co.,39.9966994,-83.0138192
Iced Pumpkin Latte (w/ Almond) MED,12th Avenue Bread Co.,39.9966994,-83.0138192
Iced Pumpkin Spice Latte (w/ Skim) MED,12th Avenue Bread Co.,39.9966994,-83.0138192
Iced Pumpkin Spice Latte (w/ Soy) MED,12th Avenue Bread Co.,39.9966994,-83.0138192
Pumpkin Latte (2%),12th Avenue Bread Co.,39.9966994,-83.0138192
Pumpkin Latte (2%),12th Avenue Bread Co.,39.9966994,-83.0138192
Pumpkin Latte (Almond),12th Avenue Bread Co.,39.9966994,-83.0138192
Pumpkin Latte (Skim),12th Avenue Bread Co.,39.9966994,-83.0138192
Pumpkin Latte (Skim),12th Avenue Bread Co.,39.9966994,-83.0138192
Pumpkin Latte (Soy),12th Avenue Bread Co.,39.9966994,-83.0138192
Puppy Chow,12th Avenue Bread Co.,39.9966994,-83.0138192
Dressing Packet - Asian Sesame,12th Avenue Bread Co.,39.9966994,-83.0138192
Dressing Packet - Chipotle Ranch,12th Avenue Bread Co.,39.9966994,-83.0138192
Dressing Packet - Fat Free Ranch,12th Avenue Bread Co.,39.9966994,-83.0138192
Dressing Packet - Raspberry Vinaigrette,12th Avenue Bread Co.,39.9966994,-83.0138192
Bagel - Asiago Cheese,12th Avenue Bread Co.,39.9966994,-83.0138192
Bagel - Everything,12th Avenue Bread Co.,39.9966994,-83.0138192
Bread - Vegan Coconut,12th Avenue Bread Co.,39.9966994,-83.0138192
Cookie - Chocolate Chip,12th Avenue Bread Co.,39.9966994,-83.0138192
Cookie - Oatmeal Raisin,12th Avenue Bread Co.,39.9966994,-83.0138192
Butter Croissant,12th Avenue Bread Co.,39.9966994,-83.0138192
Apple Cinnamon Muffin,12th Avenue Bread Co.,39.9966994,-83.0138192
Blueberry Muffin,12th Avenue Bread Co.,39.9966994,-83.0138192
Muffin - Lemon Poppy Seed,12th Avenue Bread Co.,39.9966994,-83.0138192
Scone - Raspberry White Chocolate,12th Avenue Bread Co.,39.9966994,-83.0138192
Strudel - Apple,12th Avenue Bread Co.,39.9966994,-83.0138192
Strudel - Cherry,12th Avenue Bread Co.,39.9966994,-83.0138192
Broccoli Cheese Soup,12th Avenue Bread Co.,39.9966994,-83.0138192
Garden Vegetable Soup,12th Avenue Bread Co.,39.9966994,-83.0138192
Soup - Chicken with Wild Rice,12th Avenue Bread Co.,39.9966994,-83.0138192
Soup - Garden Vegetable,12th Avenue Bread Co.,39.9966994,-83.0138192
Soup - Minestrone,12th Avenue Bread Co.,39.9966994,-83.0138192
Stuffed Pepper Soup,12th Avenue Bread Co.,39.9966994,-83.0138192
Tortilla Soup w/Chicken,12th Avenue Bread Co.,39.9966994,-83.0138192
Bread - Gluten Free Oat,12th Avenue Bread Co.,39.9966994,-83.0138192
Cheese - Sliced Monterey Jack,12th Avenue Bread Co.,39.9966994,-83.0138192
Egg Patty,12th Avenue Bread Co.,39.9966994,-83.0138192
Plain English Muffin,12th Avenue Bread Co.,39.9966994,-83.0138192
Pickled Red Onion,12th Avenue Bread Co.,39.9966994,-83.0138192
Sausage Patty,12th Avenue Bread Co.,39.9966994,-83.0138192
Albacore Tuna Croissant,12th Avenue Bread Co.,39.9966994,-83.0138192
Cali Turkey Sandwich (No Gluten In),12th Avenue Bread Co.,39.9966994,-83.0138192
Chicken Club,12th Avenue Bread Co.,39.9966994,-83.0138192
Green Goddess Sandwich,12th Avenue Bread Co.,39.9966994,-83.0138192
Pizza Bagel Pepperoni,12th Avenue Bread Co.,39.9966994,-83.0138192
Veggie Club (No Gluten Ingredients),12th Avenue Bread Co.,39.9966994,-83.0138192
Avocado Toast,12th Avenue Bread Co.,39.9966994,-83.0138192
White Cheddar Mac and Cheese,12th Avenue Bread Co.,39.9966994,-83.0138192
Butter Cup,12th Avenue Bread Co.,39.9966994,-83.0138192
Cheese - Light Cream Cheese,12th Avenue Bread Co.,39.9966994,-83.0138192
Peanut Butter Cup,12th Avenue Bread Co.,39.9966994,-83.0138192
Caramel Syrup (Sugar Free),12th Avenue Bread Co.,39.9966994,-83.0138192
Vanilla Syrup (Sugar Free),12th Avenue Bread Co.,39.9966994,-83.0138192
Peanut Butter Syrup,12th Avenue Bread Co.,39.9966994,-83.0138192
12ABC Mocha (2%),12th Avenue Bread Co.,39.9966994,-83.0138192
12ABC Mocha (2%),12th Avenue Bread Co.,39.9966994,-83.0138192
12ABC Mocha (Almond),12th Avenue Bread Co.,39.9966994,-83.0138192
12ABC Mocha (Skim),12th Avenue Bread Co.,39.9966994,-83.0138192
12ABC Mocha (Skim),12th Avenue Bread Co.,39.9966994,-83.0138192
12ABC Mocha (Soy),12th Avenue Bread Co.,39.9966994,-83.0138192
Brewed Coffee (Armando's Blend),12th Avenue Bread Co.,39.9966994,-83.0138192
Brewed Coffee (Armando's Blend),12th Avenue Bread Co.,39.9966994,-83.0138192
Cafe Americano,12th Avenue Bread Co.,39.9966994,-83.0138192
Cafe Latte (2%),12th Avenue Bread Co.,39.9966994,-83.0138192
Cafe Latte (2%),12th Avenue Bread Co.,39.9966994,-83.0138192
Cafe Latte (Almond),12th Avenue Bread Co.,39.9966994,-83.0138192
Cafe Latte (Skim),12th Avenue Bread Co.,39.9966994,-83.0138192
Cafe Latte (Skim),12th Avenue Bread Co.,39.9966994,-83.0138192
Cafe Latte (Soy),12th Avenue Bread Co.,39.9966994,-83.0138192
Cafe Mocha (2%),12th Avenue Bread Co.,39.9966994,-83.0138192
Cafe Mocha (2%),12th Avenue Bread Co.,39.9966994,-83.0138192
Cafe Mocha (Soy),12th Avenue Bread Co.,39.9966994,-83.0138192
Cappuccino (2%),12th Avenue Bread Co.,39.9966994,-83.0138192
Cappuccino (2%),12th Avenue Bread Co.,39.9966994,-83.0138192
Cappuccino (Almond),12th Avenue Bread Co.,39.9966994,-83.0138192
Cappuccino (Skim),12th Avenue Bread Co.,39.9966994,-83.0138192
Cappuccino (Skim),12th Avenue Bread Co.,39.9966994,-83.0138192
Cappuccino (Soy),12th Avenue Bread Co.,39.9966994,-83.0138192
Chai Latte (2%),12th Avenue Bread Co.,39.9966994,-83.0138192
Chai Latte (2%),12th Avenue Bread Co.,39.9966994,-83.0138192
Chai Latte (Almond),12th Avenue Bread Co.,39.9966994,-83.0138192
Chai Latte (Skim),12th Avenue Bread Co.,39.9966994,-83.0138192
Chai Latte (Skim),12th Avenue Bread Co.,39.9966994,-83.0138192
Chai Latte (Soy),12th Avenue Bread Co.,39.9966994,-83.0138192
Espresso,12th Avenue Bread Co.,39.9966994,-83.0138192
Hot Chocolate (2%),12th Avenue Bread Co.,39.9966994,-83.0138192
Hot Chocolate (Almond),12th Avenue Bread Co.,39.9966994,-83.0138192
Hot Chocolate (Almond),12th Avenue Bread Co.,39.9966994,-83.0138192
Hot Chocolate (Skim),12th Avenue Bread Co.,39.9966994,-83.0138192
Hot Chocolate (Soy),12th Avenue Bread Co.,39.9966994,-83.0138192
Hot Chocolate (Soy),12th Avenue Bread Co.,39.9966994,-83.0138192
Splash of Milk (Almond),12th Avenue Bread Co.,39.9966994,-83.0138192
Splash of Milk (Soy),12th Avenue Bread Co.,39.9966994,-83.0138192
Vanilla Latte (2%),12th Avenue Bread Co.,39.9966994,-83.0138192
Van. Latte (Almond),12th Avenue Bread Co.,39.9966994,-83.0138192
Van. Latte (Almond),12th Avenue Bread Co.,39.9966994,-83.0138192
Vanilla Latte (Skim),12th Avenue Bread Co.,39.9966994,-83.0138192
Vanilla Latte (Soy),12th Avenue Bread Co.,39.9966994,-83.0138192
Vanilla Latte (Soy),12th Avenue Bread Co.,39.9966994,-83.0138192
White Mocha (2%),12th Avenue Bread Co.,39.9966994,-83.0138192
White Mocha (Almond),12th Avenue Bread Co.,39.9966994,-83.0138192
White Mocha (Almond),12th Avenue Bread Co.,39.9966994,-83.0138192
White Mocha (Skim),12th Avenue Bread Co.,39.9966994,-83.0138192
White Mocha (Soy),12th Avenue Bread Co.,39.9966994,-83.0138192
White Mocha (Soy),12th Avenue Bread Co.,39.9966994,-83.0138192
Iced Buckeye Mocha (2%),12th Avenue Bread Co.,39.9966994,-83.0138192
Iced Buckeye Mocha (Almond),12th Avenue Bread Co.,39.9966994,-83.0138192
Iced Buckeye Mocha (Skim),12th Avenue Bread Co.,39.9966994,-83.0138192
Iced Buckeye Mocha (Soy),12th Avenue Bread Co.,39.9966994,-83.0138192
Iced Cafe Latte (2%),12th Avenue Bread Co.,39.9966994,-83.0138192
Iced Cafe Latte (Almond),12th Avenue Bread Co.,39.9966994,-83.0138192
Iced Cafe Latte (Skim),12th Avenue Bread Co.,39.9966994,-83.0138192
Iced Cafe Latte (Soy),12th Avenue Bread Co.,39.9966994,-83.0138192
Iced Cafe Mocha (2%),12th Avenue Bread Co.,39.9966994,-83.0138192
Iced Cafe Mocha (Almond),12th Avenue Bread Co.,39.9966994,-83.0138192
Iced Cafe Mocha (Skim),12th Avenue Bread Co.,39.9966994,-83.0138192
Iced Cafe Mocha (Soy),12th Avenue Bread Co.,39.9966994,-83.0138192
Iced Chai Latte (2%),12th Avenue Bread Co.,39.9966994,-83.0138192
Iced Chai Latte (Almond),12th Avenue Bread Co.,39.9966994,-83.0138192
Iced Chai Latte (Skim),12th Avenue Bread Co.,39.9966994,-83.0138192
Iced Chai Latte (Soy),12th Avenue Bread Co.,39.9966994,-83.0138192
Iced Coffee,12th Avenue Bread Co.,39.9966994,-83.0138192
Iced Tea (Organic Black),12th Avenue Bread Co.,39.9966994,-83.0138192
Iced Tea (Organic Green),12th Avenue Bread Co.,39.9966994,-83.0138192
Iced Vanilla Latte  (2%),12th Avenue Bread Co.,39.9966994,-83.0138192
Iced Van. Latte (Almond),12th Avenue Bread Co.,39.9966994,-83.0138192
Iced Vanilla Latte (Soy),12th Avenue Bread Co.,39.9966994,-83.0138192
Iced White Mocha (2%),12th Avenue Bread Co.,39.9966994,-83.0138192
Iced White Mocha (Almond),12th Avenue Bread Co.,39.9966994,-83.0138192
Iced White Mocha (Skim),12th Avenue Bread Co.,39.9966994,-83.0138192
Iced White Mocha (Soy),12th Avenue Bread Co.,39.9966994,-83.0138192
Frozen Cafe Mocha (2%),12th Avenue Bread Co.,39.9966994,-83.0138192
Frozen Cafe Mocha (Soy),12th Avenue Bread Co.,39.9966994,-83.0138192
Frozen Chai Latte,12th Avenue Bread Co.,39.9966994,-83.0138192
Frozen Hot Chocolate (2%),12th Avenue Bread Co.,39.9966994,-83.0138192
Frzn Mocha (2%) 12ABC,12th Avenue Bread Co.,39.9966994,-83.0138192
Frozen Vanilla Creme (2%),12th Avenue Bread Co.,39.9966994,-83.0138192
Frozen Vanilla Latte (2%),12th Avenue Bread Co.,39.9966994,-83.0138192
Frzn Chai Latte (w/ Soy),12th Avenue Bread Co.,39.9966994,-83.0138192
Frzn Van. Creme (w/ Soy),12th Avenue Bread Co.,39.9966994,-83.0138192
Frozen Vanilla Latte (Soy),12th Avenue Bread Co.,39.9966994,-83.0138192
Frozen White Mocha (2%),12th Avenue Bread Co.,39.9966994,-83.0138192
Frozen White Mocha (Soy),12th Avenue Bread Co.,39.9966994,-83.0138192
Berry Smoothie,12th Avenue Bread Co.,39.9966994,-83.0138192
Strawberry Banana Smoothie,12th Avenue Bread Co.,39.9966994,-83.0138192
Apple,12th Avenue Bread Co.,39.9966994,-83.0138192
Bento - Hummus Box,12th Avenue Bread Co.,39.9966994,-83.0138192
Chips - Miss Vickies Jalapeno,12th Avenue Bread Co.,39.9966994,-83.0138192
Chips - Miss Vickie's Sea Salt,12th Avenue Bread Co.,39.9966994,-83.0138192
Sliced Apples & Peanut Butter,12th Avenue Bread Co.,39.9966994,-83.0138192
Grape & Berry Cup,12th Avenue Bread Co.,39.9966994,-83.0138192
Strawberry Nutella Cup,12th Avenue Bread Co.,39.9966994,-83.0138192
Fruit - Orange,12th Avenue Bread Co.,39.9966994,-83.0138192
Rice Crispy Snack Bar (Gluten Free),12th Avenue Bread Co.,39.9966994,-83.0138192
Yogurt - Chobani Flip Black Cherry,12th Avenue Bread Co.,39.9966994,-83.0138192
Yogurt - Strawberry (Yoplait),12th Avenue Bread Co.,39.9966994,-83.0138192
Yogurt - Mint Chocolate Chobani Flip,12th Avenue Bread Co.,39.9966994,-83.0138192
Bowl - Southwest Chicken & Quinoa,12th Avenue Bread Co.,39.9966994,-83.0138192
Salad - Asian Chicken,12th Avenue Bread Co.,39.9966994,-83.0138192
Salad - Small Caesar,12th Avenue Bread Co.,39.9966994,-83.0138192
Salad - Small House,12th Avenue Bread Co.,39.9966994,-83.0138192
Salad - Modern Cobb,12th Avenue Bread Co.,39.9966994,-83.0138192
Sandwich - Ham & Swiss,12th Avenue Bread Co.,39.9966994,-83.0138192
Roast Beef Sandwich,12th Avenue Bread Co.,39.9966994,-83.0138192
Sub-Chicken Salad(No Gluten Ingredients),12th Avenue Bread Co.,39.9966994,-83.0138192
Sub - Italian (No Gluten Ingredients),12th Avenue Bread Co.,39.9966994,-83.0138192
Sub - Italian,12th Avenue Bread Co.,39.9966994,-83.0138192
Chicken Caesar Wrap,12th Avenue Bread Co.,39.9966994,-83.0138192
Wrap - Greek Chicken,12th Avenue Bread Co.,39.9966994,-83.0138192
Powerade - Fruit Punch,12th Avenue Bread Co.,39.9966994,-83.0138192
Core Power - Chocolate,12th Avenue Bread Co.,39.9966994,-83.0138192
Drink - Chobani Yogurt Mango,12th Avenue Bread Co.,39.9966994,-83.0138192
Drink - Peach Greek Yogurt,12th Avenue Bread Co.,39.9966994,-83.0138192
2% CHOCOLATE MILK,12th Avenue Bread Co.,39.9966994,-83.0138192
Juice - Simply Apple,12th Avenue Bread Co.,39.9966994,-83.0138192
Simply Lemonade,12th Avenue Bread Co.,39.9966994,-83.0138192
Juice - Simply Mango Orange,12th Avenue Bread Co.,39.9966994,-83.0138192
Chocolate Soy Milk,12th Avenue Bread Co.,39.9966994,-83.0138192
Milk - 1%,12th Avenue Bread Co.,39.9966994,-83.0138192
Milk - 2%,12th Avenue Bread Co.,39.9966994,-83.0138192
"MILK, HARTZLER VANILLA HALF PINT",12th Avenue Bread Co.,39.9966994,-83.0138192
Water - Dasani (20oz),12th Avenue Bread Co.,39.9966994,-83.0138192
Smart Water (20oz),12th Avenue Bread Co.,39.9966994,-83.0138192
Bagel - Honey Wheat,Cafe Operations -  Berry Cafe,,
Matcha Tiramisu,Cafe Operations -  Berry Cafe,,
Side - Szechuan Green Beans,Cafe Operations -  Berry Cafe,,
Bagel - Asiago Cheese,Cafe Operations -  Berry Cafe,,
Bagel - Everything,Cafe Operations -  Berry Cafe,,
Bagel - Plain,Cafe Operations -  Berry Cafe,,
Bagel - Spinach Pimento Cheddar,Cafe Operations -  Berry Cafe,,
Bread - Vegan Coconut,Cafe Operations -  Berry Cafe,,
Cookie - Chocolate Chip,Cafe Operations -  Berry Cafe,,
Cookie - Oatmeal Raisin,Cafe Operations -  Berry Cafe,,
Muffin - Blueberry,Cafe Operations -  Berry Cafe,,
Muffin - Vegan Cranberry Orange,Cafe Operations -  Berry Cafe,,
Scone - Raspberry White Chocolate,Cafe Operations -  Berry Cafe,,
Chipotle Sweet Potato Soup,Cafe Operations -  Berry Cafe,,
Chicken Noodle Soup,Cafe Operations -  Berry Cafe,,
Soup - White Bean and Ham,Cafe Operations -  Berry Cafe,,
Fruit - Apple (Gala),Cafe Operations -  Berry Cafe,,
Bar-88 Acres Oats & Cinnamon,Cafe Operations -  Berry Cafe,,
Bento - Hummus Box,Cafe Operations -  Berry Cafe,,
Sliced Apples & Peanut Butter,Cafe Operations -  Berry Cafe,,
Small Fresh Fruit Salad,Cafe Operations -  Berry Cafe,,
Kind Bar - Almond & Coconut,Cafe Operations -  Berry Cafe,,
Oatmeal - Apple Walnut,Cafe Operations -  Berry Cafe,,
Orange,Cafe Operations -  Berry Cafe,,
Cookie-White Choc. Cherry (Gluten Free),Cafe Operations -  Berry Cafe,,
Yogurt - Mixed Berry (Yoplait),Cafe Operations -  Berry Cafe,,
Sushi - California Roll (w/ White Rice),Cafe Operations -  Berry Cafe,,
Sushi - Spicy Tuna Roll (Brown Rice),Cafe Operations -  Berry Cafe,,
Butter Cup,Cafe Operations -  Berry Cafe,,
Peanut Butter Cup,Cafe Operations -  Berry Cafe,,
Americano,Cafe Operations -  Berry Cafe,,
Americano,Cafe Operations -  Berry Cafe,,
Buckeye Mocha (2%),Cafe Operations -  Berry Cafe,,
Buckeye Mocha (Almond),Cafe Operations -  Berry Cafe,,
Buckeye Mocha (Almond),Cafe Operations -  Berry Cafe,,
Buckeye Mocha (Skim),Cafe Operations -  Berry Cafe,,
Buckeye Mocha (Soy),Cafe Operations -  Berry Cafe,,
Buckeye Mocha (Soy),Cafe Operations -  Berry Cafe,,
Cafe Au Lait (2%),Cafe Operations -  Berry Cafe,,
Cafe Au Lait (Almond),Cafe Operations -  Berry Cafe,,
Cafe Au Lait (Almond),Cafe Operations -  Berry Cafe,,
Cafe Au Lait (Skim),Cafe Operations -  Berry Cafe,,
Cafe Au Lait (Soy),Cafe Operations -  Berry Cafe,,
Cafe Au Lait (Soy),Cafe Operations -  Berry Cafe,,
Cafe Latte (2%),Cafe Operations -  Berry Cafe,,
Cafe Latte (Almond),Cafe Operations -  Berry Cafe,,
Cafe Latte (Almond),Cafe Operations -  Berry Cafe,,
Cafe Latte (Skim),Cafe Operations -  Berry Cafe,,
Cafe Latte (Soy),Cafe Operations -  Berry Cafe,,
Cafe Latte (Soy),Cafe Operations -  Berry Cafe,,
Cafe Mocha (2%),Cafe Operations -  Berry Cafe,,
Cafe Mocha (Almond),Cafe Operations -  Berry Cafe,,
Cafe Mocha (Almond),Cafe Operations -  Berry Cafe,,
Cafe Mocha (Skim),Cafe Operations -  Berry Cafe,,
Cafe Mocha (Soy),Cafe Operations -  Berry Cafe,,
Cafe Mocha (Soy),Cafe Operations -  Berry Cafe,,
Cappuccino (2%),Cafe Operations -  Berry Cafe,,
Cappuccino (Almond),Cafe Operations -  Berry Cafe,,
Cappuccino (Almond),Cafe Operations -  Berry Cafe,,
Cappuccino (Skim),Cafe Operations -  Berry Cafe,,
Cappuccino (Soy),Cafe Operations -  Berry Cafe,,
Cappuccino (Soy),Cafe Operations -  Berry Cafe,,
Carmilla Macchiato (Almond),Cafe Operations -  Berry Cafe,,
Carmilla Macchiato (Almond),Cafe Operations -  Berry Cafe,,
Carmilla Macchiato (Skim),Cafe Operations -  Berry Cafe,,
Carmilla Macchiato (Soy),Cafe Operations -  Berry Cafe,,
Carmilla Macchiato (Soy),Cafe Operations -  Berry Cafe,,
Chai Latte (2%),Cafe Operations -  Berry Cafe,,
Chai Latte (Almond),Cafe Operations -  Berry Cafe,,
Chai Latte (Almond),Cafe Operations -  Berry Cafe,,
Chai Latte (Skim),Cafe Operations -  Berry Cafe,,
Chai Latte (Soy),Cafe Operations -  Berry Cafe,,
Chai Latte (Soy),Cafe Operations -  Berry Cafe,,
Double Espresso,Cafe Operations -  Berry Cafe,,
Espresso Macchiato,Cafe Operations -  Berry Cafe,,
Hot Cocoa (2%),Cafe Operations -  Berry Cafe,,
Hot Cocoa (2%),Cafe Operations -  Berry Cafe,,
Hot Cocoa (Skim),Cafe Operations -  Berry Cafe,,
Hot Cocoa (Soy),Cafe Operations -  Berry Cafe,,
Hot Cocoa (Soy),Cafe Operations -  Berry Cafe,,
Morning Sky Medium Roast,Cafe Operations -  Berry Cafe,,
Morning Sky Medium Roast (Small),Cafe Operations -  Berry Cafe,,
Splash of Milk (Almond),Cafe Operations -  Berry Cafe,,
Splash of Milk (Soy),Cafe Operations -  Berry Cafe,,
TBC Mocha (2%),Cafe Operations -  Berry Cafe,,
TBC Mocha (Almond),Cafe Operations -  Berry Cafe,,
TBC Mocha (Almond),Cafe Operations -  Berry Cafe,,
TBC Mocha (Skim),Cafe Operations -  Berry Cafe,,
TBC Mocha (Soy),Cafe Operations -  Berry Cafe,,
TBC Mocha (Soy),Cafe Operations -  Berry Cafe,,
White Chocolate Mocha (2%),Cafe Operations -  Berry Cafe,,
White Chocolate Mocha (Almond),Cafe Operations -  Berry Cafe,,
White Chocolate Mocha (Almond),Cafe Operations -  Berry Cafe,,
White Chocolate Mocha (Skim),Cafe Operations -  Berry Cafe,,
White Chocolate Mocha (Soy),Cafe Operations -  Berry Cafe,,
White Chocolate Mocha (Soy),Cafe Operations -  Berry Cafe,,
White Hot Cocoa (2%),Cafe Operations -  Berry Cafe,,
White Hot Cocoa (Skim),Cafe Operations -  Berry Cafe,,
White Hot Cocoa (Skim),Cafe Operations -  Berry Cafe,,
White Hot Cocoa (Soy),Cafe Operations -  Berry Cafe,,
Black Iced Tea,Cafe Operations -  Berry Cafe,,
Cold Brew Iced Coffee,Cafe Operations -  Berry Cafe,,
Ginger Green Iced Tea,Cafe Operations -  Berry Cafe,,
Iced Americano (2%),Cafe Operations -  Berry Cafe,,
Iced Buckeye Mocha (2%),Cafe Operations -  Berry Cafe,,
Iced Buckeye Mocha (Almond),Cafe Operations -  Berry Cafe,,
Iced Buckeye Mocha (Skim),Cafe Operations -  Berry Cafe,,
Iced Buckeye Mocha (Soy),Cafe Operations -  Berry Cafe,,
Iced Cafe Latte (2%),Cafe Operations -  Berry Cafe,,
Iced Cafe Latte (Almond),Cafe Operations -  Berry Cafe,,
Iced Cafe Latte (Skim),Cafe Operations -  Berry Cafe,,
Iced Cafe Latte (Soy),Cafe Operations -  Berry Cafe,,
Iced Carmilla Macchiato (2%),Cafe Operations -  Berry Cafe,,
Iced Carmilla Macchiato (Almond),Cafe Operations -  Berry Cafe,,
Iced Carmilla Macchiato (Skim),Cafe Operations -  Berry Cafe,,
Iced Carmilla Macchiato (Soy),Cafe Operations -  Berry Cafe,,
Iced Chai Latte (2%),Cafe Operations -  Berry Cafe,,
Iced Chai Latte (Almond),Cafe Operations -  Berry Cafe,,
Iced Chai Latte (Skim),Cafe Operations -  Berry Cafe,,
Iced Chai Latte (Soy),Cafe Operations -  Berry Cafe,,
Iced Mocha (2%),Cafe Operations -  Berry Cafe,,
Iced Mocha (Almond),Cafe Operations -  Berry Cafe,,
Iced Mocha (Skim),Cafe Operations -  Berry Cafe,,
Iced Mocha (Soy),Cafe Operations -  Berry Cafe,,
Iced TBC Mocha (2%),Cafe Operations -  Berry Cafe,,
Iced TBC Mocha (Almond),Cafe Operations -  Berry Cafe,,
Iced TBC Mocha (Skim),Cafe Operations -  Berry Cafe,,
Iced TBC Mocha (Soy),Cafe Operations -  Berry Cafe,,
Iced White Mocha (2%),Cafe Operations -  Berry Cafe,,
Iced White Mocha (Almond),Cafe Operations -  Berry Cafe,,
Iced White Mocha (Skim),Cafe Operations -  Berry Cafe,,
Iced White Mocha (Soy),Cafe Operations -  Berry Cafe,,
Unsweetened Vanilla Almond Milk,Cafe Operations -  Berry Cafe,,
Milk - 2%,Cafe Operations -  Berry Cafe,,
Raspberry Hibiscus Iced Tea Lrg-HC,Cafe Operations -  Berry Cafe,,
Frozen Buckeye Mocha,Cafe Operations -  Berry Cafe,,
Frozen Cafe Melmoso,Cafe Operations -  Berry Cafe,,
Frozen Carmilla Macchiato,Cafe Operations -  Berry Cafe,,
Frozen Chai (2%),Cafe Operations -  Berry Cafe,,
Frozen Hot Chocolate (2%),Cafe Operations -  Berry Cafe,,
Frozen Matcha Latte Large,Cafe Operations -  Berry Cafe,,
Frozen TBC Mocha (2%),Cafe Operations -  Berry Cafe,,
Frozen White Mocha (2%),Cafe Operations -  Berry Cafe,,
Fruita Melmoso Strawberry,Cafe Operations -  Berry Cafe,,
Fruita Melmoso Peach,Cafe Operations -  Berry Cafe,,
Bowl - Southwest Chicken & Quinoa,Cafe Operations -  Berry Cafe,,
Salad - Asian Chicken,Cafe Operations -  Berry Cafe,,
Salad - Grilled Chicken Caesar,Cafe Operations -  Berry Cafe,,
Salad - Mediterranean Chicken,Cafe Operations -  Berry Cafe,,
Salad - Power Green,Cafe Operations -  Berry Cafe,,
Sandwich - Caprese,Cafe Operations -  Berry Cafe,,
Roasted Vegetable Pita,Cafe Operations -  Berry Cafe,,
Sub-Chicken Salad(No Gluten Ingredients),Cafe Operations -  Berry Cafe,,
Sub - Italian (No Gluten Ingredients),Cafe Operations -  Berry Cafe,,
Sub - Italian,Cafe Operations -  Berry Cafe,,
Chicken Caesar Wrap,Cafe Operations -  Berry Cafe,,
Wrap - Greek Chicken,Cafe Operations -  Berry Cafe,,
Bagel - 5 Grain,Cafe Operations -  Caffeine Element,,
Bagel - Blueberry,Cafe Operations -  Caffeine Element,,
Bagel - Everything,Cafe Operations -  Caffeine Element,,
Bagel - Plain,Cafe Operations -  Caffeine Element,,
Bread - Vegan Zucchini,Cafe Operations -  Caffeine Element,,
Brownie - Jumbo,Cafe Operations -  Caffeine Element,,
Cookie - M&M,Cafe Operations -  Caffeine Element,,
Cookie - Vegan Snickerdoodle,Cafe Operations -  Caffeine Element,,
Muffin - Blueberry,Cafe Operations -  Caffeine Element,,
Muffin - Vegan Cranberry Orange,Cafe Operations -  Caffeine Element,,
Scone - Raspberry White Chocolate,Cafe Operations -  Caffeine Element,,
Apple - Red Delicious,Cafe Operations -  Caffeine Element,,
Bar-88 Acres Oats & Cinnamon,Cafe Operations -  Caffeine Element,,
Vegan Cream Cheese,Cafe Operations -  Caffeine Element,,
Yogurt - Mixed Berry (Yoplait),Cafe Operations -  Caffeine Element,,
Butter Cup,Cafe Operations -  Caffeine Element,,
Peanut Butter-Single Serve,Cafe Operations -  Caffeine Element,,
Americano,Cafe Operations -  Caffeine Element,,
Americano,Cafe Operations -  Caffeine Element,,
Buckeye Mocha (2%),Cafe Operations -  Caffeine Element,,
Buckeye Mocha (Almond),Cafe Operations -  Caffeine Element,,
Buckeye Mocha (Almond),Cafe Operations -  Caffeine Element,,
Buckeye Mocha (Skim),Cafe Operations -  Caffeine Element,,
Buckeye Mocha (Soy),Cafe Operations -  Caffeine Element,,
Buckeye Mocha (Soy),Cafe Operations -  Caffeine Element,,
Cafe Au Lait (2%),Cafe Operations -  Caffeine Element,,
Cafe Au Lait (Almond),Cafe Operations -  Caffeine Element,,
Cafe Au Lait (Almond),Cafe Operations -  Caffeine Element,,
Cafe Au Lait (Skim),Cafe Operations -  Caffeine Element,,
Cafe Au Lait (Soy),Cafe Operations -  Caffeine Element,,
Cafe Au Lait (Soy),Cafe Operations -  Caffeine Element,,
Cafe Latte (2%),Cafe Operations -  Caffeine Element,,
Cafe Latte (Almond),Cafe Operations -  Caffeine Element,,
Cafe Latte (Almond),Cafe Operations -  Caffeine Element,,
Cafe Latte (Skim),Cafe Operations -  Caffeine Element,,
Cafe Latte (Soy),Cafe Operations -  Caffeine Element,,
Cafe Latte (Soy),Cafe Operations -  Caffeine Element,,
Cafe Mocha (2%),Cafe Operations -  Caffeine Element,,
Cafe Mocha (Almond),Cafe Operations -  Caffeine Element,,
Cafe Mocha (Almond),Cafe Operations -  Caffeine Element,,
Cafe Mocha (Skim),Cafe Operations -  Caffeine Element,,
Cafe Mocha (Soy),Cafe Operations -  Caffeine Element,,
Cafe Mocha (Soy),Cafe Operations -  Caffeine Element,,
Cappuccino (2%),Cafe Operations -  Caffeine Element,,
Cappuccino (Almond),Cafe Operations -  Caffeine Element,,
Cappuccino (Almond),Cafe Operations -  Caffeine Element,,
Cappuccino (Skim),Cafe Operations -  Caffeine Element,,
Cappuccino (Soy),Cafe Operations -  Caffeine Element,,
Cappuccino (Soy),Cafe Operations -  Caffeine Element,,
Carmilla Macchiato (2%),Cafe Operations -  Caffeine Element,,
Carmilla Macchiato (Almond),Cafe Operations -  Caffeine Element,,
Carmilla Macchiato (Skim),Cafe Operations -  Caffeine Element,,
Carmilla Macchiato (Skim),Cafe Operations -  Caffeine Element,,
Carmilla Macchiato (Soy),Cafe Operations -  Caffeine Element,,
Chai Latte (2%),Cafe Operations -  Caffeine Element,,
Chai Latte (2%),Cafe Operations -  Caffeine Element,,
Chai Latte (Almond),Cafe Operations -  Caffeine Element,,
Chai Latte (Skim),Cafe Operations -  Caffeine Element,,
Chai Latte (Skim),Cafe Operations -  Caffeine Element,,
Chai Latte (Soy),Cafe Operations -  Caffeine Element,,
Con Panna (Double),Cafe Operations -  Caffeine Element,,
Double Espresso,Cafe Operations -  Caffeine Element,,
Espresso Macchiato,Cafe Operations -  Caffeine Element,,
Hot Cocoa (2%),Cafe Operations -  Caffeine Element,,
Hot Cocoa (2%),Cafe Operations -  Caffeine Element,,
Hot Cocoa (Skim),Cafe Operations -  Caffeine Element,,
Hot Cocoa (Soy),Cafe Operations -  Caffeine Element,,
Hot Cocoa (Soy),Cafe Operations -  Caffeine Element,,
Morning Sky Medium Roast,Cafe Operations -  Caffeine Element,,
Morning Sky Medium Roast (Small),Cafe Operations -  Caffeine Element,,
Splash of Milk (Almond),Cafe Operations -  Caffeine Element,,
Splash of Milk (Soy),Cafe Operations -  Caffeine Element,,
TBC Mocha (2%),Cafe Operations -  Caffeine Element,,
TBC Mocha (Almond),Cafe Operations -  Caffeine Element,,
TBC Mocha (Almond),Cafe Operations -  Caffeine Element,,
TBC Mocha (Skim),Cafe Operations -  Caffeine Element,,
TBC Mocha (Soy),Cafe Operations -  Caffeine Element,,
TBC Mocha (Soy),Cafe Operations -  Caffeine Element,,
White Chocolate Mocha (2%),Cafe Operations -  Caffeine Element,,
White Chocolate Mocha (Almond),Cafe Operations -  Caffeine Element,,
White Chocolate Mocha (Almond),Cafe Operations -  Caffeine Element,,
White Chocolate Mocha (Skim),Cafe Operations -  Caffeine Element,,
White Chocolate Mocha (Soy),Cafe Operations -  Caffeine Element,,
White Chocolate Mocha (Soy),Cafe Operations -  Caffeine Element,,
Black Iced Tea,Cafe Operations -  Caffeine Element,,
Cold Brew Iced Coffee,Cafe Operations -  Caffeine Element,,
Ginger Green Iced Tea,Cafe Operations -  Caffeine Element,,
Iced Americano (2%),Cafe Operations -  Caffeine Element,,
Iced Buckeye Mocha (2%),Cafe Operations -  Caffeine Element,,
Iced Buckeye Mocha (Almond),Cafe Operations -  Caffeine Element,,
Iced Buckeye Mocha (Skim),Cafe Operations -  Caffeine Element,,
Iced Buckeye Mocha (Soy),Cafe Operations -  Caffeine Element,,
Iced Cafe Latte (2%),Cafe Operations -  Caffeine Element,,
Iced Cafe Latte (Almond),Cafe Operations -  Caffeine Element,,
Iced Cafe Latte (Skim),Cafe Operations -  Caffeine Element,,
Iced Cafe Latte (Soy),Cafe Operations -  Caffeine Element,,
Iced Carmilla Macchiato (2%),Cafe Operations -  Caffeine Element,,
Iced Carmilla Macchiato (Almond),Cafe Operations -  Caffeine Element,,
Iced Carmilla Macchiato (Skim),Cafe Operations -  Caffeine Element,,
Iced Carmilla Macchiato (Soy),Cafe Operations -  Caffeine Element,,
Iced Chai Latte (2%),Cafe Operations -  Caffeine Element,,
Iced Chai Latte (Almond),Cafe Operations -  Caffeine Element,,
Iced Chai Latte (Skim),Cafe Operations -  Caffeine Element,,
Iced Chai Latte (Soy),Cafe Operations -  Caffeine Element,,
Iced Mocha (2%),Cafe Operations -  Caffeine Element,,
Iced Mocha (Almond),Cafe Operations -  Caffeine Element,,
Iced Mocha (Skim),Cafe Operations -  Caffeine Element,,
Iced Mocha (Soy),Cafe Operations -  Caffeine Element,,
Iced TBC Mocha (2%),Cafe Operations -  Caffeine Element,,
Iced TBC Mocha (Almond),Cafe Operations -  Caffeine Element,,
Iced TBC Mocha (Skim),Cafe Operations -  Caffeine Element,,
Iced TBC Mocha (Soy),Cafe Operations -  Caffeine Element,,
Iced White Mocha (2%),Cafe Operations -  Caffeine Element,,
Iced White Mocha (Almond),Cafe Operations -  Caffeine Element,,
Iced White Mocha (Skim),Cafe Operations -  Caffeine Element,,
Iced White Mocha (Soy),Cafe Operations -  Caffeine Element,,
Unsweetened Vanilla Almond Milk,Cafe Operations -  Caffeine Element,,
Milk - 2%,Cafe Operations -  Caffeine Element,,
Raspberry Hibiscus Iced Tea Lrg-HC,Cafe Operations -  Caffeine Element,,
Frozen Buckeye Mocha,Cafe Operations -  Caffeine Element,,
Frozen Cafe Melmoso,Cafe Operations -  Caffeine Element,,
Frozen Carmilla Macchiato,Cafe Operations -  Caffeine Element,,
Frozen Carmilla Macchiato (Skim),Cafe Operations -  Caffeine Element,,
Frozen Chai (2%),Cafe Operations -  Caffeine Element,,
Frozen Hot Chocolate (2%),Cafe Operations -  Caffeine Element,,
Frozen Matcha Latte Large,Cafe Operations -  Caffeine Element,,
Frozen TBC Mocha (2%),Cafe Operations -  Caffeine Element,,
Frozen White Mocha (2%),Cafe Operations -  Caffeine Element,,
Fruita Melmoso Strawberry,Cafe Operations -  Caffeine Element,,
Fruita Melmoso Peach,Cafe Operations -  Caffeine Element,,
Bento - Hummus Box,Cafe Operations -  Caffeine Element,,
Grape & Berry Cup,Cafe Operations -  Caffeine Element,,
Veggie Cup,Cafe Operations -  Caffeine Element,,
Bowl - Southwest Chicken & Quinoa,Cafe Operations -  Caffeine Element,,
Salad - Asian Chicken,Cafe Operations -  Caffeine Element,,
Salad - Grilled Chicken Caesar,Cafe Operations -  Caffeine Element,,
Salad - Mediterranean Chicken,Cafe Operations -  Caffeine Element,,
Salad - Power Green,Cafe Operations -  Caffeine Element,,
Sandwich - Caprese,Cafe Operations -  Caffeine Element,,
Roasted Vegetable Pita,Cafe Operations -  Caffeine Element,,
Sub-Chicken Salad(No Gluten Ingredients),Cafe Operations -  Caffeine Element,,
Sub - Italian (No Gluten Ingredients),Cafe Operations -  Caffeine Element,,
Sub - Italian,Cafe Operations -  Caffeine Element,,
Chicken Caesar Wrap,Cafe Operations -  Caffeine Element,,
Wrap - Greek Chicken,Cafe Operations -  Caffeine Element,,
Coke Classic (Can),Cafe Operations -  Caffeine Element,,
Sprite (Can),Cafe Operations -  Caffeine Element,,
Bagel - Asiago Cheese,Cafe Operations -  C-Grinds - McPherson,,
Bagel - Everything,Cafe Operations -  C-Grinds - McPherson,,
Bagel - Plain,Cafe Operations -  C-Grinds - McPherson,,
Bread - Vegan Coconut,Cafe Operations -  C-Grinds - McPherson,,
Cookie - Chocolate Chip,Cafe Operations -  C-Grinds - McPherson,,
Cookie - Oatmeal Raisin,Cafe Operations -  C-Grinds - McPherson,,
Muffin - Blueberry,Cafe Operations -  C-Grinds - McPherson,,
Muffin - Vegan Cranberry Orange,Cafe Operations -  C-Grinds - McPherson,,
Scone - Raspberry White Chocolate,Cafe Operations -  C-Grinds - McPherson,,
Apple - Granny Smith,Cafe Operations -  C-Grinds - McPherson,,
Fruit - Banana,Cafe Operations -  C-Grinds - McPherson,,
Bar-88 Acres Triple Berry,Cafe Operations -  C-Grinds - McPherson,,
Sliced Apples & Peanut Butter,Cafe Operations -  C-Grinds - McPherson,,
Grape & Berry Cup,Cafe Operations -  C-Grinds - McPherson,,
Oatmeal - Apple Walnut,Cafe Operations -  C-Grinds - McPherson,,
Parfait - Yogurt and Granola,Cafe Operations -  C-Grinds - McPherson,,
Butter Cup,Cafe Operations -  C-Grinds - McPherson,,
Peanut Butter-Single Serve,Cafe Operations -  C-Grinds - McPherson,,
Americano,Cafe Operations -  C-Grinds - McPherson,,
Americano,Cafe Operations -  C-Grinds - McPherson,,
Buckeye Mocha (2%),Cafe Operations -  C-Grinds - McPherson,,
Buckeye Mocha (Almond),Cafe Operations -  C-Grinds - McPherson,,
Buckeye Mocha (Almond),Cafe Operations -  C-Grinds - McPherson,,
Buckeye Mocha (Skim),Cafe Operations -  C-Grinds - McPherson,,
Buckeye Mocha (Soy),Cafe Operations -  C-Grinds - McPherson,,
Buckeye Mocha (Soy),Cafe Operations -  C-Grinds - McPherson,,
Cafe Au Lait (2%),Cafe Operations -  C-Grinds - McPherson,,
Cafe Au Lait (Almond),Cafe Operations -  C-Grinds - McPherson,,
Cafe Au Lait (Almond),Cafe Operations -  C-Grinds - McPherson,,
Cafe Au Lait (Skim),Cafe Operations -  C-Grinds - McPherson,,
Cafe Au Lait (Soy),Cafe Operations -  C-Grinds - McPherson,,
Cafe Au Lait (Soy),Cafe Operations -  C-Grinds - McPherson,,
Cafe Latte (2%),Cafe Operations -  C-Grinds - McPherson,,
Cafe Latte (Almond),Cafe Operations -  C-Grinds - McPherson,,
Cafe Latte (Almond),Cafe Operations -  C-Grinds - McPherson,,
Cafe Latte (Skim),Cafe Operations -  C-Grinds - McPherson,,
Cafe Latte (Soy),Cafe Operations -  C-Grinds - McPherson,,
Cafe Latte (Soy),Cafe Operations -  C-Grinds - McPherson,,
Cafe Mocha (2%),Cafe Operations -  C-Grinds - McPherson,,
Cafe Mocha (Almond),Cafe Operations -  C-Grinds - McPherson,,
Cafe Mocha (Almond),Cafe Operations -  C-Grinds - McPherson,,
Cafe Mocha (Skim),Cafe Operations -  C-Grinds - McPherson,,
Cafe Mocha (Soy),Cafe Operations -  C-Grinds - McPherson,,
Cafe Mocha (Soy),Cafe Operations -  C-Grinds - McPherson,,
Cappuccino (2%),Cafe Operations -  C-Grinds - McPherson,,
Cappuccino (Almond),Cafe Operations -  C-Grinds - McPherson,,
Cappuccino (Almond),Cafe Operations -  C-Grinds - McPherson,,
Cappuccino (Skim),Cafe Operations -  C-Grinds - McPherson,,
Cappuccino (Soy),Cafe Operations -  C-Grinds - McPherson,,
Carmilla Macchiato (2%),Cafe Operations -  C-Grinds - McPherson,,
Carmilla Macchiato (Almond),Cafe Operations -  C-Grinds - McPherson,,
Carmilla Macchiato (Skim),Cafe Operations -  C-Grinds - McPherson,,
Carmilla Macchiato (Skim),Cafe Operations -  C-Grinds - McPherson,,
Carmilla Macchiato (Soy),Cafe Operations -  C-Grinds - McPherson,,
Chai Latte (2%),Cafe Operations -  C-Grinds - McPherson,,
Chai Latte (2%),Cafe Operations -  C-Grinds - McPherson,,
Chai Latte (Almond),Cafe Operations -  C-Grinds - McPherson,,
Chai Latte (Skim),Cafe Operations -  C-Grinds - McPherson,,
Chai Latte (Skim),Cafe Operations -  C-Grinds - McPherson,,
Chai Latte (Soy),Cafe Operations -  C-Grinds - McPherson,,
Con Panna (Double),Cafe Operations -  C-Grinds - McPherson,,
Double Espresso,Cafe Operations -  C-Grinds - McPherson,,
Hot Cocoa (2%),Cafe Operations -  C-Grinds - McPherson,,
Hot Cocoa (2%),Cafe Operations -  C-Grinds - McPherson,,
Hot Cocoa (Skim),Cafe Operations -  C-Grinds - McPherson,,
Hot Cocoa (Soy),Cafe Operations -  C-Grinds - McPherson,,
Hot Cocoa (Soy),Cafe Operations -  C-Grinds - McPherson,,
Matcha Latte (2%),Cafe Operations -  C-Grinds - McPherson,,
Matcha Latte (Almond),Cafe Operations -  C-Grinds - McPherson,,
Matcha Latte (Almond),Cafe Operations -  C-Grinds - McPherson,,
Matcha Latte (Skim) Md,Cafe Operations -  C-Grinds - McPherson,,
Matcha Latte (Soy),Cafe Operations -  C-Grinds - McPherson,,
Matcha Latte (Soy),Cafe Operations -  C-Grinds - McPherson,,
Morning Sky Medium Roast,Cafe Operations -  C-Grinds - McPherson,,
Splash of Milk (2%),Cafe Operations -  C-Grinds - McPherson,,
Splash of Milk (Skim),Cafe Operations -  C-Grinds - McPherson,,
TBC Mocha (2%),Cafe Operations -  C-Grinds - McPherson,,
TBC Mocha (2%),Cafe Operations -  C-Grinds - McPherson,,
TBC Mocha (Almond),Cafe Operations -  C-Grinds - McPherson,,
TBC Mocha (Skim),Cafe Operations -  C-Grinds - McPherson,,
TBC Mocha (Skim),Cafe Operations -  C-Grinds - McPherson,,
TBC Mocha (Soy),Cafe Operations -  C-Grinds - McPherson,,
White Chocolate Mocha (2%),Cafe Operations -  C-Grinds - McPherson,,
White Chocolate Mocha (2%),Cafe Operations -  C-Grinds - McPherson,,
White Chocolate Mocha (Almond),Cafe Operations -  C-Grinds - McPherson,,
White Chocolate Mocha (Skim),Cafe Operations -  C-Grinds - McPherson,,
White Chocolate Mocha (Skim),Cafe Operations -  C-Grinds - McPherson,,
White Chocolate Mocha (Soy),Cafe Operations -  C-Grinds - McPherson,,
White Hot Cocoa (2%),Cafe Operations -  C-Grinds - McPherson,,
White Hot Cocoa (2%),Cafe Operations -  C-Grinds - McPherson,,
White Hot Cocoa (Skim),Cafe Operations -  C-Grinds - McPherson,,
White Hot Cocoa (Soy),Cafe Operations -  C-Grinds - McPherson,,
White Hot Cocoa (Soy),Cafe Operations -  C-Grinds - McPherson,,
Black Iced Tea,Cafe Operations -  C-Grinds - McPherson,,
Cold Brew Iced Coffee,Cafe Operations -  C-Grinds - McPherson,,
Ginger Green Iced Tea,Cafe Operations -  C-Grinds - McPherson,,
Iced Americano (2%),Cafe Operations -  C-Grinds - McPherson,,
Iced Buckeye Mocha (2%),Cafe Operations -  C-Grinds - McPherson,,
Iced Buckeye Mocha (Almond),Cafe Operations -  C-Grinds - McPherson,,
Iced Buckeye Mocha (Skim),Cafe Operations -  C-Grinds - McPherson,,
Iced Buckeye Mocha (Soy),Cafe Operations -  C-Grinds - McPherson,,
Iced Cafe Latte (2%),Cafe Operations -  C-Grinds - McPherson,,
Iced Cafe Latte (Almond),Cafe Operations -  C-Grinds - McPherson,,
Iced Cafe Latte (Skim),Cafe Operations -  C-Grinds - McPherson,,
Iced Cafe Latte (Soy),Cafe Operations -  C-Grinds - McPherson,,
Iced Carmilla Macchiato (2%),Cafe Operations -  C-Grinds - McPherson,,
Iced Carmilla Macchiato (Almond),Cafe Operations -  C-Grinds - McPherson,,
Iced Carmilla Macchiato (Skim),Cafe Operations -  C-Grinds - McPherson,,
Iced Carmilla Macchiato (Soy),Cafe Operations -  C-Grinds - McPherson,,
Iced Chai Latte (2%),Cafe Operations -  C-Grinds - McPherson,,
Iced Chai Latte (Almond),Cafe Operations -  C-Grinds - McPherson,,
Iced Chai Latte (Skim),Cafe Operations -  C-Grinds - McPherson,,
Iced Chai Latte (Soy),Cafe Operations -  C-Grinds - McPherson,,
Iced Matcha Latte (2%),Cafe Operations -  C-Grinds - McPherson,,
Iced Matcha Latte (Almond),Cafe Operations -  C-Grinds - McPherson,,
Iced Matcha Latte (Skim),Cafe Operations -  C-Grinds - McPherson,,
Iced Matcha Latte (Soy),Cafe Operations -  C-Grinds - McPherson,,
Iced Mocha (2%),Cafe Operations -  C-Grinds - McPherson,,
Iced Mocha (Almond),Cafe Operations -  C-Grinds - McPherson,,
Iced Mocha (Skim),Cafe Operations -  C-Grinds - McPherson,,
Iced Mocha (Soy),Cafe Operations -  C-Grinds - McPherson,,
Iced TBC Mocha (2%),Cafe Operations -  C-Grinds - McPherson,,
Iced TBC Mocha (Almond),Cafe Operations -  C-Grinds - McPherson,,
Iced TBC Mocha (Skim),Cafe Operations -  C-Grinds - McPherson,,
Iced TBC Mocha (Soy),Cafe Operations -  C-Grinds - McPherson,,
Iced White Mocha (2%),Cafe Operations -  C-Grinds - McPherson,,
Iced White Mocha (Almond),Cafe Operations -  C-Grinds - McPherson,,
Iced White Mocha (Skim),Cafe Operations -  C-Grinds - McPherson,,
Iced White Mocha (Soy),Cafe Operations -  C-Grinds - McPherson,,
Unsweetened Vanilla Almond Milk,Cafe Operations -  C-Grinds - McPherson,,
Milk - 2%,Cafe Operations -  C-Grinds - McPherson,,
Raspberry Hibiscus Iced Tea Lrg-HC,Cafe Operations -  C-Grinds - McPherson,,
Frozen Buckeye Mocha,Cafe Operations -  C-Grinds - McPherson,,
Frozen Cafe Melmoso,Cafe Operations -  C-Grinds - McPherson,,
Frozen Carmilla Macchiato,Cafe Operations -  C-Grinds - McPherson,,
Frozen Chai (2%),Cafe Operations -  C-Grinds - McPherson,,
Frozen Hot Chocolate (2%),Cafe Operations -  C-Grinds - McPherson,,
Frozen Mocha (2%),Cafe Operations -  C-Grinds - McPherson,,
Frozen TBC Mocha (2%),Cafe Operations -  C-Grinds - McPherson,,
Frozen White Mocha (2%),Cafe Operations -  C-Grinds - McPherson,,
Fruita Melmoso Strawberry,Cafe Operations -  C-Grinds - McPherson,,
Fruita Melmoso Peach,Cafe Operations -  C-Grinds - McPherson,,
Bowl - Southwest Chicken & Quinoa,Cafe Operations -  C-Grinds - McPherson,,
Salad - Asian Chicken,Cafe Operations -  C-Grinds - McPherson,,
Salad - Grilled Chicken Caesar,Cafe Operations -  C-Grinds - McPherson,,
Salad - Power Green,Cafe Operations -  C-Grinds - McPherson,,
Sandwich - Caprese,Cafe Operations -  C-Grinds - McPherson,,
Roasted Vegetable Pita,Cafe Operations -  C-Grinds - McPherson,,
Sub - Ham (No Gluten Ingredients),Cafe Operations -  C-Grinds - McPherson,,
Sub - Turkey (No Gluten Ingredients),Cafe Operations -  C-Grinds - McPherson,,
Wrap - Buffalo Chicken,Cafe Operations -  C-Grinds - McPherson,,
Wrap - Curried Chickpea,Cafe Operations -  C-Grinds - McPherson,,
Milk - 2%,Cafe Operations -  C-Grinds - McPherson,,
Diet Coke (Can),Cafe Operations -  C-Grinds - McPherson,,
Pizza Bagel-Cheese,Cafe Operations -  Crane Cafe,,
Sandwich - Avocado Bagel,Cafe Operations -  Crane Cafe,,
Bagel - Asiago Cheese,Cafe Operations -  Crane Cafe,,
Bagel - Everything,Cafe Operations -  Crane Cafe,,
Bagel - Plain,Cafe Operations -  Crane Cafe,,
Bread - Vegan Coconut,Cafe Operations -  Crane Cafe,,
Cookie - M&M,Cafe Operations -  Crane Cafe,,
Cookie - Vegan Snickerdoodle,Cafe Operations -  Crane Cafe,,
Muffin - Blueberry,Cafe Operations -  Crane Cafe,,
Muffin - Vegan Cranberry Orange,Cafe Operations -  Crane Cafe,,
Chipotle Sweet Potato Soup,Cafe Operations -  Crane Cafe,,
Chicken Noodle Soup,Cafe Operations -  Crane Cafe,,
Soup - White Bean and Ham,Cafe Operations -  Crane Cafe,,
Oatmeal - Apple Walnut,Cafe Operations -  Crane Cafe,,
Bacon,Cafe Operations -  Crane Cafe,,
Bagel - Everything,Cafe Operations -  Crane Cafe,,
Bagel - Plain,Cafe Operations -  Crane Cafe,,
Egg White Patty,Cafe Operations -  Crane Cafe,,
Ham- Sliced and Smoked,Cafe Operations -  Crane Cafe,,
Apple - Granny Smith,Cafe Operations -  Crane Cafe,,
Fruit - Banana,Cafe Operations -  Crane Cafe,,
Bar-88 Acres Triple Berry,Cafe Operations -  Crane Cafe,,
Vegan Cream Cheese,Cafe Operations -  Crane Cafe,,
Yogurt - Strawberry Light (Dannon),Cafe Operations -  Crane Cafe,,
Cookie-Pecan Shortbread (Gluten Free),Cafe Operations -  Crane Cafe,,
Butter Cup,Cafe Operations -  Crane Cafe,,
Peanut Butter-Single Serve,Cafe Operations -  Crane Cafe,,
Americano,Cafe Operations -  Crane Cafe,,
Americano,Cafe Operations -  Crane Cafe,,
Buckeye Mocha (2%),Cafe Operations -  Crane Cafe,,
Buckeye Mocha (Almond),Cafe Operations -  Crane Cafe,,
Buckeye Mocha (Almond),Cafe Operations -  Crane Cafe,,
Buckeye Mocha (Skim),Cafe Operations -  Crane Cafe,,
Buckeye Mocha (Soy),Cafe Operations -  Crane Cafe,,
Buckeye Mocha (Soy),Cafe Operations -  Crane Cafe,,
Cafe Au Lait (2%),Cafe Operations -  Crane Cafe,,
Cafe Au Lait (Almond),Cafe Operations -  Crane Cafe,,
Cafe Au Lait (Almond),Cafe Operations -  Crane Cafe,,
Cafe Au Lait (Skim),Cafe Operations -  Crane Cafe,,
Cafe Au Lait (Soy),Cafe Operations -  Crane Cafe,,
Cafe Au Lait (Soy),Cafe Operations -  Crane Cafe,,
Cafe Latte (2%),Cafe Operations -  Crane Cafe,,
Cafe Latte (Almond),Cafe Operations -  Crane Cafe,,
Cafe Latte (Almond),Cafe Operations -  Crane Cafe,,
Cafe Latte (Skim),Cafe Operations -  Crane Cafe,,
Cafe Latte (Soy),Cafe Operations -  Crane Cafe,,
Cafe Latte (Soy),Cafe Operations -  Crane Cafe,,
Cafe Mocha (2%),Cafe Operations -  Crane Cafe,,
Cafe Mocha (Almond),Cafe Operations -  Crane Cafe,,
Cafe Mocha (Almond),Cafe Operations -  Crane Cafe,,
Cafe Mocha (Skim),Cafe Operations -  Crane Cafe,,
Cafe Mocha (Soy),Cafe Operations -  Crane Cafe,,
Cafe Mocha (Soy),Cafe Operations -  Crane Cafe,,
Cappuccino (2%),Cafe Operations -  Crane Cafe,,
Cappuccino (Almond),Cafe Operations -  Crane Cafe,,
Cappuccino (Almond),Cafe Operations -  Crane Cafe,,
Cappuccino (Skim),Cafe Operations -  Crane Cafe,,
Cappuccino (Soy),Cafe Operations -  Crane Cafe,,
Carmilla Macchiato (2%),Cafe Operations -  Crane Cafe,,
Carmilla Macchiato (Almond),Cafe Operations -  Crane Cafe,,
Carmilla Macchiato (Skim),Cafe Operations -  Crane Cafe,,
Carmilla Macchiato (Skim),Cafe Operations -  Crane Cafe,,
Carmilla Macchiato (Soy),Cafe Operations -  Crane Cafe,,
Chai Latte (2%),Cafe Operations -  Crane Cafe,,
Chai Latte (2%),Cafe Operations -  Crane Cafe,,
Chai Latte (Almond),Cafe Operations -  Crane Cafe,,
Chai Latte (Skim),Cafe Operations -  Crane Cafe,,
Chai Latte (Skim),Cafe Operations -  Crane Cafe,,
Chai Latte (Soy),Cafe Operations -  Crane Cafe,,
Con Panna (Double),Cafe Operations -  Crane Cafe,,
Double Espresso,Cafe Operations -  Crane Cafe,,
Espresso Macchiato,Cafe Operations -  Crane Cafe,,
Hot Cocoa (2%),Cafe Operations -  Crane Cafe,,
Hot Cocoa (2%),Cafe Operations -  Crane Cafe,,
Hot Cocoa (Skim),Cafe Operations -  Crane Cafe,,
Hot Cocoa (Soy),Cafe Operations -  Crane Cafe,,
Hot Cocoa (Soy),Cafe Operations -  Crane Cafe,,
Matcha Latte (2%),Cafe Operations -  Crane Cafe,,
Matcha Latte (Almond),Cafe Operations -  Crane Cafe,,
Matcha Latte (Almond),Cafe Operations -  Crane Cafe,,
Splash of Milk (Almond),Cafe Operations -  Crane Cafe,,
Splash of Milk (Soy),Cafe Operations -  Crane Cafe,,
TBC Mocha (2%),Cafe Operations -  Crane Cafe,,
TBC Mocha (Almond),Cafe Operations -  Crane Cafe,,
TBC Mocha (Almond),Cafe Operations -  Crane Cafe,,
TBC Mocha (Skim),Cafe Operations -  Crane Cafe,,
TBC Mocha (Soy),Cafe Operations -  Crane Cafe,,
TBC Mocha (Soy),Cafe Operations -  Crane Cafe,,
White Chocolate Mocha (2%),Cafe Operations -  Crane Cafe,,
White Chocolate Mocha (Almond),Cafe Operations -  Crane Cafe,,
White Chocolate Mocha (Almond),Cafe Operations -  Crane Cafe,,
White Chocolate Mocha (Skim),Cafe Operations -  Crane Cafe,,
White Chocolate Mocha (Soy),Cafe Operations -  Crane Cafe,,
White Chocolate Mocha (Soy),Cafe Operations -  Crane Cafe,,
Black Iced Tea,Cafe Operations -  Crane Cafe,,
"Bubble Tea, Fruita Melmoso Mango",Cafe Operations -  Crane Cafe,,
Cold Brew Iced Coffee,Cafe Operations -  Crane Cafe,,
Ginger Green Iced Tea,Cafe Operations -  Crane Cafe,,
Iced Americano (2%),Cafe Operations -  Crane Cafe,,
Iced Buckeye Mocha (2%),Cafe Operations -  Crane Cafe,,
Iced Buckeye Mocha (Almond),Cafe Operations -  Crane Cafe,,
Iced Buckeye Mocha (Skim),Cafe Operations -  Crane Cafe,,
Iced Buckeye Mocha (Soy),Cafe Operations -  Crane Cafe,,
Iced Cafe Latte (2%),Cafe Operations -  Crane Cafe,,
Iced Cafe Latte (Almond),Cafe Operations -  Crane Cafe,,
Iced Cafe Latte (Skim),Cafe Operations -  Crane Cafe,,
Iced Cafe Latte (Soy),Cafe Operations -  Crane Cafe,,
Iced Carmilla Macchiato (2%),Cafe Operations -  Crane Cafe,,
Iced Carmilla Macchiato (Almond),Cafe Operations -  Crane Cafe,,
Iced Carmilla Macchiato (Skim),Cafe Operations -  Crane Cafe,,
Iced Carmilla Macchiato (Soy),Cafe Operations -  Crane Cafe,,
Iced Chai Latte (2%),Cafe Operations -  Crane Cafe,,
Iced Chai Latte (Almond),Cafe Operations -  Crane Cafe,,
Iced Matcha Latte (2%),Cafe Operations -  Crane Cafe,,
Iced Mocha (2%),Cafe Operations -  Crane Cafe,,
Iced Mocha (Almond),Cafe Operations -  Crane Cafe,,
Iced Mocha (Skim),Cafe Operations -  Crane Cafe,,
Iced Mocha (Soy),Cafe Operations -  Crane Cafe,,
Iced TBC Mocha (2%),Cafe Operations -  Crane Cafe,,
Iced TBC Mocha (Almond),Cafe Operations -  Crane Cafe,,
Iced TBC Mocha (Skim),Cafe Operations -  Crane Cafe,,
Iced TBC Mocha (Soy),Cafe Operations -  Crane Cafe,,
Iced White Mocha (2%),Cafe Operations -  Crane Cafe,,
Iced White Mocha (Almond),Cafe Operations -  Crane Cafe,,
Iced White Mocha (Skim),Cafe Operations -  Crane Cafe,,
Iced White Mocha (Soy),Cafe Operations -  Crane Cafe,,
Unsweetened Vanilla Almond Milk,Cafe Operations -  Crane Cafe,,
Milk - 2%,Cafe Operations -  Crane Cafe,,
Raspberry Hibiscus Iced Tea Lrg-HC,Cafe Operations -  Crane Cafe,,
Frozen Buckeye Mocha,Cafe Operations -  Crane Cafe,,
Frozen Cafe Melmoso,Cafe Operations -  Crane Cafe,,
Frozen Carmilla Macchiato,Cafe Operations -  Crane Cafe,,
Frozen Chai (2%),Cafe Operations -  Crane Cafe,,
Frozen Hot Chocolate (2%),Cafe Operations -  Crane Cafe,,
Frozen Matcha Latte Large,Cafe Operations -  Crane Cafe,,
Frozen TBC Mocha (2%),Cafe Operations -  Crane Cafe,,
Frozen White Mocha (2%),Cafe Operations -  Crane Cafe,,
"Bubble Tea, Fruita Melmoso Mango",Cafe Operations -  Crane Cafe,,
"Bubble Tea, Milk Tea",Cafe Operations -  Crane Cafe,,
Fruita Melmoso Mango,Cafe Operations -  Crane Cafe,,
Fruita Melmoso Straw/Ban,Cafe Operations -  Crane Cafe,,
Bento - Hummus Box,Cafe Operations -  Crane Cafe,,
Grape & Berry Cup,Cafe Operations -  Crane Cafe,,
Parfait - Yogurt and Granola,Cafe Operations -  Crane Cafe,,
Bowl - Southwest Chicken & Quinoa,Cafe Operations -  Crane Cafe,,
Apple Arugula Salad,Cafe Operations -  Crane Cafe,,
Buffalo Chicken Salad,Cafe Operations -  Crane Cafe,,
Salad - Grilled Chicken Caesar,Cafe Operations -  Crane Cafe,,
Salad - Modern Cobb,Cafe Operations -  Crane Cafe,,
Salad - Power Green,Cafe Operations -  Crane Cafe,,
Roast Beef Sandwich,Cafe Operations -  Crane Cafe,,
Sandwich - Turkey & Muenster on Wheat,Cafe Operations -  Crane Cafe,,
Sub - Turkey (No Gluten Ingredients),Cafe Operations -  Crane Cafe,,
Wrap - Buffalo Chicken,Cafe Operations -  Crane Cafe,,
Wrap - Greek Chicken,Cafe Operations -  Crane Cafe,,
Juice - Apple (10oz),Cafe Operations -  Crane Cafe,,
Milk - 1%,Cafe Operations -  Crane Cafe,,
Coke Classic (Can),Cafe Operations -  Crane Cafe,,
Sprite (Can),Cafe Operations -  Crane Cafe,,
Bagel - Asiago Cheese,Cafe Operations -  C-Grinds - Vet Med,,
Bagel - Everything,Cafe Operations -  C-Grinds - Vet Med,,
Bagel - Plain,Cafe Operations -  C-Grinds - Vet Med,,
Bread - Vegan Coconut,Cafe Operations -  C-Grinds - Vet Med,,
Muffin - Blueberry,Cafe Operations -  C-Grinds - Vet Med,,
Muffin - Vegan Cranberry Orange,Cafe Operations -  C-Grinds - Vet Med,,
Oatmeal - Apple Walnut,Cafe Operations -  C-Grinds - Vet Med,,
Apple - Granny Smith,Cafe Operations -  C-Grinds - Vet Med,,
Fruit - Banana,Cafe Operations -  C-Grinds - Vet Med,,
Bar-88 Acres Triple Berry,Cafe Operations -  C-Grinds - Vet Med,,
Orange,Cafe Operations -  C-Grinds - Vet Med,,
Americano,Cafe Operations -  C-Grinds - Vet Med,,
Americano,Cafe Operations -  C-Grinds - Vet Med,,
Buckeye Mocha (2%),Cafe Operations -  C-Grinds - Vet Med,,
Buckeye Mocha (Skim),Cafe Operations -  C-Grinds - Vet Med,,
Buckeye Mocha (Skim),Cafe Operations -  C-Grinds - Vet Med,,
Buckeye Mocha (Soy),Cafe Operations -  C-Grinds - Vet Med,,
Cafe Au Lait (2%),Cafe Operations -  C-Grinds - Vet Med,,
Cafe Au Lait (2%),Cafe Operations -  C-Grinds - Vet Med,,
Cafe Au Lait (Skim),Cafe Operations -  C-Grinds - Vet Med,,
Cafe Au Lait (Soy),Cafe Operations -  C-Grinds - Vet Med,,
Cafe Au Lait (Soy),Cafe Operations -  C-Grinds - Vet Med,,
Cafe Latte (2%),Cafe Operations -  C-Grinds - Vet Med,,
Cafe Latte (Skim),Cafe Operations -  C-Grinds - Vet Med,,
Cafe Latte (Skim),Cafe Operations -  C-Grinds - Vet Med,,
Cafe Latte (Soy),Cafe Operations -  C-Grinds - Vet Med,,
Cafe Mocha (2%),Cafe Operations -  C-Grinds - Vet Med,,
Cafe Mocha (2%),Cafe Operations -  C-Grinds - Vet Med,,
Cafe Mocha (Skim),Cafe Operations -  C-Grinds - Vet Med,,
Cafe Mocha (Soy),Cafe Operations -  C-Grinds - Vet Med,,
Cafe Mocha (Soy),Cafe Operations -  C-Grinds - Vet Med,,
Cappuccino (2%),Cafe Operations -  C-Grinds - Vet Med,,
Cappuccino (Skim),Cafe Operations -  C-Grinds - Vet Med,,
Cappuccino (Skim),Cafe Operations -  C-Grinds - Vet Med,,
Cappuccino (Soy),Cafe Operations -  C-Grinds - Vet Med,,
Carmilla Macchiato (Skim),Cafe Operations -  C-Grinds - Vet Med,,
Carmilla Macchiato (Skim),Cafe Operations -  C-Grinds - Vet Med,,
Carmilla Macchiato (Soy),Cafe Operations -  C-Grinds - Vet Med,,
Frozen Hot Chocolate (2%),Cafe Operations -  C-Grinds - Vet Med,,
Hot Cocoa (2%),Cafe Operations -  C-Grinds - Vet Med,,
Hot Cocoa (Skim),Cafe Operations -  C-Grinds - Vet Med,,
Hot Cocoa (Skim),Cafe Operations -  C-Grinds - Vet Med,,
Hot Cocoa (Soy),Cafe Operations -  C-Grinds - Vet Med,,
Matcha Latte (2%),Cafe Operations -  C-Grinds - Vet Med,,
Matcha Latte (2%),Cafe Operations -  C-Grinds - Vet Med,,
Matcha Latte (Almond),Cafe Operations -  C-Grinds - Vet Med,,
Matcha Latte (Skim) Lrg,Cafe Operations -  C-Grinds - Vet Med,,
Matcha Latte (Skim) Sm,Cafe Operations -  C-Grinds - Vet Med,,
Matcha Latte (Soy),Cafe Operations -  C-Grinds - Vet Med,,
Morning Sky Medium Roast,Cafe Operations -  C-Grinds - Vet Med,,
Morning Sky Medium Roast (Small),Cafe Operations -  C-Grinds - Vet Med,,
Splash of Milk (Almond),Cafe Operations -  C-Grinds - Vet Med,,
Splash of Milk (Soy),Cafe Operations -  C-Grinds - Vet Med,,
TBC Mocha (2%),Cafe Operations -  C-Grinds - Vet Med,,
TBC Mocha (Skim),Cafe Operations -  C-Grinds - Vet Med,,
TBC Mocha (Skim),Cafe Operations -  C-Grinds - Vet Med,,
TBC Mocha (Soy),Cafe Operations -  C-Grinds - Vet Med,,
White Chocolate Mocha (2%),Cafe Operations -  C-Grinds - Vet Med,,
White Chocolate Mocha (2%),Cafe Operations -  C-Grinds - Vet Med,,
White Chocolate Mocha (Skim),Cafe Operations -  C-Grinds - Vet Med,,
White Chocolate Mocha (Soy),Cafe Operations -  C-Grinds - Vet Med,,
White Chocolate Mocha (Soy),Cafe Operations -  C-Grinds - Vet Med,,
Cold Brew Iced Coffee,Cafe Operations -  C-Grinds - Vet Med,,
Iced Americano (2%),Cafe Operations -  C-Grinds - Vet Med,,
Iced Buckeye Mocha (2%),Cafe Operations -  C-Grinds - Vet Med,,
Iced Buckeye Mocha (Skim),Cafe Operations -  C-Grinds - Vet Med,,
Iced Buckeye Mocha (Soy),Cafe Operations -  C-Grinds - Vet Med,,
Iced Cafe Latte (2%),Cafe Operations -  C-Grinds - Vet Med,,
Iced Cafe Latte (Skim),Cafe Operations -  C-Grinds - Vet Med,,
Iced Cafe Latte (Soy),Cafe Operations -  C-Grinds - Vet Med,,
Iced Carmilla Macchiato (2%),Cafe Operations -  C-Grinds - Vet Med,,
Iced Carmilla Macchiato (Skim),Cafe Operations -  C-Grinds - Vet Med,,
Iced Carmilla Macchiato (Soy),Cafe Operations -  C-Grinds - Vet Med,,
Iced Chai Latte (2%),Cafe Operations -  C-Grinds - Vet Med,,
Iced Chai Latte (Almond),Cafe Operations -  C-Grinds - Vet Med,,
Iced Chai Latte (Skim),Cafe Operations -  C-Grinds - Vet Med,,
Iced Chai Latte (Soy),Cafe Operations -  C-Grinds - Vet Med,,
Iced Matcha Latte (2%),Cafe Operations -  C-Grinds - Vet Med,,
Iced Matcha Latte (Almond),Cafe Operations -  C-Grinds - Vet Med,,
Iced Matcha Latte (Skim),Cafe Operations -  C-Grinds - Vet Med,,
Iced Matcha Latte (Soy),Cafe Operations -  C-Grinds - Vet Med,,
Iced Mocha (2%),Cafe Operations -  C-Grinds - Vet Med,,
Iced Mocha (Skim),Cafe Operations -  C-Grinds - Vet Med,,
Iced Mocha (Soy),Cafe Operations -  C-Grinds - Vet Med,,
Iced TBC Mocha (2%),Cafe Operations -  C-Grinds - Vet Med,,
Iced TBC Mocha (Skim),Cafe Operations -  C-Grinds - Vet Med,,
Iced TBC Mocha (Soy),Cafe Operations -  C-Grinds - Vet Med,,
Iced White Mocha (2%),Cafe Operations -  C-Grinds - Vet Med,,
Iced White Mocha (Skim),Cafe Operations -  C-Grinds - Vet Med,,
Iced White Mocha (Soy),Cafe Operations -  C-Grinds - Vet Med,,
Bento - Hummus Box,Cafe Operations -  C-Grinds - Vet Med,,
Chips - Sun Chips Garden Salsa,Cafe Operations -  C-Grinds - Vet Med,,
Chips - Cool Ranch Doritos,Cafe Operations -  C-Grinds - Vet Med,,
Sliced Apples & Peanut Butter,Cafe Operations -  C-Grinds - Vet Med,,
Parfait - Yogurt and Granola,Cafe Operations -  C-Grinds - Vet Med,,
Apple Arugula Salad,Cafe Operations -  C-Grinds - Vet Med,,
Salad - Grilled Chicken Caesar,Cafe Operations -  C-Grinds - Vet Med,,
Salad - Modern Cobb,Cafe Operations -  C-Grinds - Vet Med,,
Sub - Italian,Cafe Operations -  C-Grinds - Vet Med,,
Wrap - Curried Chickpea,Cafe Operations -  C-Grinds - Vet Med,,
Juice - Apple (10oz),Cafe Operations -  C-Grinds - Vet Med,,
Milk - 1%,Cafe Operations -  C-Grinds - Vet Med,,
Coke Classic (Can),Cafe Operations -  C-Grinds - Vet Med,,
Sprite (Can),Cafe Operations -  C-Grinds - Vet Med,,
Bagel - Honey Wheat,Cafe Operations -  Terra Byte Cafe,,
Salad - Chicken Caprese,Cafe Operations -  Terra Byte Cafe,,
Bagel - Asiago Cheese,Cafe Operations -  Terra Byte Cafe,,
Bagel - Everything,Cafe Operations -  Terra Byte Cafe,,
Bagel - Plain,Cafe Operations -  Terra Byte Cafe,,
Bread - Vegan Coconut,Cafe Operations -  Terra Byte Cafe,,
Cookie - Chocolate Chip,Cafe Operations -  Terra Byte Cafe,,
Cookie - Oatmeal Raisin,Cafe Operations -  Terra Byte Cafe,,
Muffin - Blueberry,Cafe Operations -  Terra Byte Cafe,,
Muffin - Vegan Cranberry Orange,Cafe Operations -  Terra Byte Cafe,,
Cookie-Pecan Shortbread (Gluten Free),Cafe Operations -  Terra Byte Cafe,,
Cookie-White Choc. Cherry (Gluten Free),Cafe Operations -  Terra Byte Cafe,,
Chipotle Sweet Potato Soup,Cafe Operations -  Terra Byte Cafe,,
Chicken Noodle Soup,Cafe Operations -  Terra Byte Cafe,,
Soup - White Bean and Ham,Cafe Operations -  Terra Byte Cafe,,
Apple - Red Delicious,Cafe Operations -  Terra Byte Cafe,,
Fruit - Orange,Cafe Operations -  Terra Byte Cafe,,
Sushi - California Roll (w/ White Rice),Cafe Operations -  Terra Byte Cafe,,
Sushi - Spicy Salmon Roll,Cafe Operations -  Terra Byte Cafe,,
Sushi - Vegetable Roll (w/ Brown Rice),Cafe Operations -  Terra Byte Cafe,,
Butter Cup,Cafe Operations -  Terra Byte Cafe,,
Peanut Butter-Single Serve,Cafe Operations -  Terra Byte Cafe,,
Brewed Coffee (Armando's Blend),Cafe Operations -  Terra Byte Cafe,,
Brewed Coffee (Armando's Blend),Cafe Operations -  Terra Byte Cafe,,
Buckeye Mocha (2%),Cafe Operations -  Terra Byte Cafe,,
Buckeye Mocha (Almond),Cafe Operations -  Terra Byte Cafe,,
Buckeye Mocha (Almond),Cafe Operations -  Terra Byte Cafe,,
Buckeye Mocha (Skim),Cafe Operations -  Terra Byte Cafe,,
Buckeye Mocha (Soy),Cafe Operations -  Terra Byte Cafe,,
Buckeye Mocha (Soy),Cafe Operations -  Terra Byte Cafe,,
Cafe Americano,Cafe Operations -  Terra Byte Cafe,,
Cafe Latte (2%),Cafe Operations -  Terra Byte Cafe,,
Cafe Latte (2%),Cafe Operations -  Terra Byte Cafe,,
Cafe Latte (Almond),Cafe Operations -  Terra Byte Cafe,,
Cafe Latte (Skim),Cafe Operations -  Terra Byte Cafe,,
Cafe Latte (Skim),Cafe Operations -  Terra Byte Cafe,,
Cafe Latte (Soy),Cafe Operations -  Terra Byte Cafe,,
Cafe Mocha (2%),Cafe Operations -  Terra Byte Cafe,,
Cafe Mocha (2%),Cafe Operations -  Terra Byte Cafe,,
Cafe Mocha (Almond),Cafe Operations -  Terra Byte Cafe,,
Cafe Mocha (Skim),Cafe Operations -  Terra Byte Cafe,,
Cafe Mocha (Skim),Cafe Operations -  Terra Byte Cafe,,
Cafe Mocha (Soy),Cafe Operations -  Terra Byte Cafe,,
Cappuccino (2%),Cafe Operations -  Terra Byte Cafe,,
Cappuccino (2%),Cafe Operations -  Terra Byte Cafe,,
Cappuccino (Almond),Cafe Operations -  Terra Byte Cafe,,
Cappuccino (Skim),Cafe Operations -  Terra Byte Cafe,,
Cappuccino (Skim),Cafe Operations -  Terra Byte Cafe,,
Cappuccino (Soy),Cafe Operations -  Terra Byte Cafe,,
Chai Latte (2%),Cafe Operations -  Terra Byte Cafe,,
Chai Latte (2%),Cafe Operations -  Terra Byte Cafe,,
Chai Latte (Almond),Cafe Operations -  Terra Byte Cafe,,
Chai Latte (Skim),Cafe Operations -  Terra Byte Cafe,,
Chai Latte (Skim),Cafe Operations -  Terra Byte Cafe,,
Chai Latte (Soy),Cafe Operations -  Terra Byte Cafe,,
Espresso,Cafe Operations -  Terra Byte Cafe,,
Hot Chocolate (2%),Cafe Operations -  Terra Byte Cafe,,
Hot Chocolate (Almond),Cafe Operations -  Terra Byte Cafe,,
Hot Chocolate (Almond),Cafe Operations -  Terra Byte Cafe,,
Hot Chocolate (Skim),Cafe Operations -  Terra Byte Cafe,,
Hot Chocolate (Soy),Cafe Operations -  Terra Byte Cafe,,
Hot Chocolate (Soy),Cafe Operations -  Terra Byte Cafe,,
Pumpkin Latte (2%),Cafe Operations -  Terra Byte Cafe,,
Pumpkin Latte (Almond),Cafe Operations -  Terra Byte Cafe,,
Pumpkin Latte (Almond),Cafe Operations -  Terra Byte Cafe,,
Pumpkin Latte (Skim),Cafe Operations -  Terra Byte Cafe,,
Pumpkin Latte (Soy),Cafe Operations -  Terra Byte Cafe,,
Pumpkin Latte (Soy),Cafe Operations -  Terra Byte Cafe,,
Splash of Milk (Almond),Cafe Operations -  Terra Byte Cafe,,
Splash of Milk (Soy),Cafe Operations -  Terra Byte Cafe,,
TBC Mocha (2%),Cafe Operations -  Terra Byte Cafe,,
TBC Mocha (Almond),Cafe Operations -  Terra Byte Cafe,,
TBC Mocha (Almond),Cafe Operations -  Terra Byte Cafe,,
TBC Mocha (Skim),Cafe Operations -  Terra Byte Cafe,,
TBC Mocha (Soy),Cafe Operations -  Terra Byte Cafe,,
TBC Mocha (Soy),Cafe Operations -  Terra Byte Cafe,,
Vanilla Latte (2%),Cafe Operations -  Terra Byte Cafe,,
Van. Latte (Almond),Cafe Operations -  Terra Byte Cafe,,
Van. Latte (Almond),Cafe Operations -  Terra Byte Cafe,,
Vanilla Latte (Skim),Cafe Operations -  Terra Byte Cafe,,
Vanilla Latte (Soy),Cafe Operations -  Terra Byte Cafe,,
Vanilla Latte (Soy),Cafe Operations -  Terra Byte Cafe,,
White Mocha (2%),Cafe Operations -  Terra Byte Cafe,,
White Mocha (Almond),Cafe Operations -  Terra Byte Cafe,,
White Mocha (Almond),Cafe Operations -  Terra Byte Cafe,,
White Mocha (Skim),Cafe Operations -  Terra Byte Cafe,,
White Mocha (Soy),Cafe Operations -  Terra Byte Cafe,,
White Mocha (Soy),Cafe Operations -  Terra Byte Cafe,,
Iced Americano (2%),Cafe Operations -  Terra Byte Cafe,,
Iced Buckeye Mocha (2%),Cafe Operations -  Terra Byte Cafe,,
Iced Buckeye Mocha (Almond),Cafe Operations -  Terra Byte Cafe,,
Iced Buckeye Mocha (w/ Skim Milk),Cafe Operations -  Terra Byte Cafe,,
Iced Buckeye Mocha (Soy),Cafe Operations -  Terra Byte Cafe,,
Iced Cafe Latte (2%),Cafe Operations -  Terra Byte Cafe,,
Iced Cafe Latte (Almond),Cafe Operations -  Terra Byte Cafe,,
Iced Cafe Latte (Skim),Cafe Operations -  Terra Byte Cafe,,
Iced Cafe Latte (Soy),Cafe Operations -  Terra Byte Cafe,,
Iced Cafe Mocha (2%),Cafe Operations -  Terra Byte Cafe,,
Iced Cafe Mocha (Almond),Cafe Operations -  Terra Byte Cafe,,
Iced Cafe Mocha (Skim),Cafe Operations -  Terra Byte Cafe,,
Iced Cafe Mocha (Soy),Cafe Operations -  Terra Byte Cafe,,
Iced Chai Latte (2%),Cafe Operations -  Terra Byte Cafe,,
Iced Chai Latte (Almond),Cafe Operations -  Terra Byte Cafe,,
Iced Chai Latte (Skim),Cafe Operations -  Terra Byte Cafe,,
Iced Chai Latte (Soy),Cafe Operations -  Terra Byte Cafe,,
Iced Coffee,Cafe Operations -  Terra Byte Cafe,,
Iced Pumpkin Spice Latte (w/2% Milk),Cafe Operations -  Terra Byte Cafe,,
Iced Pumpkin Latte (w/ Almond),Cafe Operations -  Terra Byte Cafe,,
Iced Pumpkin Spice Latte (w/ Skim) LRG,Cafe Operations -  Terra Byte Cafe,,
Iced Pumpkin Spice Latte (w/ Soy) LRG,Cafe Operations -  Terra Byte Cafe,,
Iced TBC Mocha (2%),Cafe Operations -  Terra Byte Cafe,,
Iced TBC Mocha (Almond),Cafe Operations -  Terra Byte Cafe,,
Iced TBC Mocha (Skim),Cafe Operations -  Terra Byte Cafe,,
Iced TBC Mocha (Soy),Cafe Operations -  Terra Byte Cafe,,
Iced Tea (Organic Black),Cafe Operations -  Terra Byte Cafe,,
Iced Tea (Organic Green),Cafe Operations -  Terra Byte Cafe,,
Iced Vanilla Latte  (2%),Cafe Operations -  Terra Byte Cafe,,
Iced Van. Latte (Almond),Cafe Operations -  Terra Byte Cafe,,
Iced Vanilla Latte (Skim),Cafe Operations -  Terra Byte Cafe,,
Iced Vanilla Latte (Soy),Cafe Operations -  Terra Byte Cafe,,
Iced White Mocha (2%),Cafe Operations -  Terra Byte Cafe,,
Iced White Mocha (Almond),Cafe Operations -  Terra Byte Cafe,,
Iced White Mocha (Skim),Cafe Operations -  Terra Byte Cafe,,
Iced White Mocha (Soy),Cafe Operations -  Terra Byte Cafe,,
Unsweetened Vanilla Almond Milk,Cafe Operations -  Terra Byte Cafe,,
Milk - 2%,Cafe Operations -  Terra Byte Cafe,,
Frozen Cafe Mocha (2%),Cafe Operations -  Terra Byte Cafe,,
Frozen Chai Latte,Cafe Operations -  Terra Byte Cafe,,
Frozen Hot Chocolate (2%),Cafe Operations -  Terra Byte Cafe,,
Frozen Pumpkin Latte (2%),Cafe Operations -  Terra Byte Cafe,,
Frozen Pumpkin Latte (Almond),Cafe Operations -  Terra Byte Cafe,,
Frozen Pumpkin Latte (Skim),Cafe Operations -  Terra Byte Cafe,,
Frozen Pumpkin Latte (Soy),Cafe Operations -  Terra Byte Cafe,,
Frozen TBC Mocha (2%),Cafe Operations -  Terra Byte Cafe,,
Frozen Vanilla Creme (2%),Cafe Operations -  Terra Byte Cafe,,
Frozen Vanilla Latte (2%),Cafe Operations -  Terra Byte Cafe,,
Frozen White Mocha (2%),Cafe Operations -  Terra Byte Cafe,,
Berry Smoothie,Cafe Operations -  Terra Byte Cafe,,
Strawberry Banana Smoothie,Cafe Operations -  Terra Byte Cafe,,
Bar-88 Acres Oats & Cinnamon,Cafe Operations -  Terra Byte Cafe,,
Bento - Hummus Box,Cafe Operations -  Terra Byte Cafe,,
Grape & Berry Cup,Cafe Operations -  Terra Byte Cafe,,
Veggie Cup,Cafe Operations -  Terra Byte Cafe,,
Kind Bar-Dark Chocolate Nut & Sea Salt,Cafe Operations -  Terra Byte Cafe,,
Oatmeal - Goji Blueberry Instant,Cafe Operations -  Terra Byte Cafe,,
Yogurt - Greek Blueberry (Chobani),Cafe Operations -  Terra Byte Cafe,,
Yogurt - Mixed Berry (Yoplait),Cafe Operations -  Terra Byte Cafe,,
Bowl - Southwest Chicken & Quinoa,Cafe Operations -  Terra Byte Cafe,,
Salad - Asian Chicken,Cafe Operations -  Terra Byte Cafe,,
Salad - Grilled Chicken Caesar,Cafe Operations -  Terra Byte Cafe,,
Salad - Mediterranean Chicken,Cafe Operations -  Terra Byte Cafe,,
Salad - Power Green,Cafe Operations -  Terra Byte Cafe,,
Sandwich - Caprese,Cafe Operations -  Terra Byte Cafe,,
Roasted Vegetable Pita,Cafe Operations -  Terra Byte Cafe,,
Sub-Chicken Salad(No Gluten Ingredients),Cafe Operations -  Terra Byte Cafe,,
Sub - Italian (No Gluten Ingredients),Cafe Operations -  Terra Byte Cafe,,
Sub - Italian,Cafe Operations -  Terra Byte Cafe,,
Chicken Caesar Wrap,Cafe Operations -  Terra Byte Cafe,,
Wrap - Greek Chicken,Cafe Operations -  Terra Byte Cafe,,
Side - Szechuan Green Beans,Cafe Operations -  KSA Cafe,,
Cup - Dried Berry Cream Cheese,Cafe Operations -  KSA Cafe,,
Pizza Bagel-Cheese,Cafe Operations -  KSA Cafe,,
Sandwich - Avocado Bagel,Cafe Operations -  KSA Cafe,,
Bagel - Asiago Cheese,Cafe Operations -  KSA Cafe,,
Bagel - Everything,Cafe Operations -  KSA Cafe,,
Bagel - Plain,Cafe Operations -  KSA Cafe,,
Bread - Vegan Coconut,Cafe Operations -  KSA Cafe,,
Cookie - M&M,Cafe Operations -  KSA Cafe,,
Cookie - Vegan Snickerdoodle,Cafe Operations -  KSA Cafe,,
Muffin - Blueberry,Cafe Operations -  KSA Cafe,,
Muffin - Vegan Cranberry Orange,Cafe Operations -  KSA Cafe,,
Chipotle Sweet Potato Soup,Cafe Operations -  KSA Cafe,,
Chicken Noodle Soup,Cafe Operations -  KSA Cafe,,
Soup - White Bean and Ham,Cafe Operations -  KSA Cafe,,
Oatmeal - Apple Walnut,Cafe Operations -  KSA Cafe,,
Bacon,Cafe Operations -  KSA Cafe,,
Bagel - Blueberry,Cafe Operations -  KSA Cafe,,
Cheese - American Sliced,Cafe Operations -  KSA Cafe,,
Scrambled Egg Patty,Cafe Operations -  KSA Cafe,,
Turkey Sausage Patty,Cafe Operations -  KSA Cafe,,
Apple - Granny Smith,Cafe Operations -  KSA Cafe,,
Fruit - Banana,Cafe Operations -  KSA Cafe,,
Bar-88 Acres Triple Berry,Cafe Operations -  KSA Cafe,,
Orange,Cafe Operations -  KSA Cafe,,
Vegan Cream Cheese,Cafe Operations -  KSA Cafe,,
Yogurt - Mixed Berry (Yoplait),Cafe Operations -  KSA Cafe,,
Cookie-Pecan Shortbread (Gluten Free),Cafe Operations -  KSA Cafe,,
Butter Cup,Cafe Operations -  KSA Cafe,,
Peanut Butter Cup,Cafe Operations -  KSA Cafe,,
Americano,Cafe Operations -  KSA Cafe,,
Americano,Cafe Operations -  KSA Cafe,,
Buckeye Mocha (2%),Cafe Operations -  KSA Cafe,,
Buckeye Mocha (Almond),Cafe Operations -  KSA Cafe,,
Buckeye Mocha (Almond),Cafe Operations -  KSA Cafe,,
Buckeye Mocha (Skim),Cafe Operations -  KSA Cafe,,
Buckeye Mocha (Soy),Cafe Operations -  KSA Cafe,,
Buckeye Mocha (Soy),Cafe Operations -  KSA Cafe,,
Cafe Au Lait (2%),Cafe Operations -  KSA Cafe,,
Cafe Au Lait (Almond),Cafe Operations -  KSA Cafe,,
Cafe Au Lait (Almond),Cafe Operations -  KSA Cafe,,
Cafe Au Lait (Skim),Cafe Operations -  KSA Cafe,,
Cafe Au Lait (Soy),Cafe Operations -  KSA Cafe,,
Cafe Au Lait (Soy),Cafe Operations -  KSA Cafe,,
Cafe Latte (2%),Cafe Operations -  KSA Cafe,,
Cafe Latte (Almond),Cafe Operations -  KSA Cafe,,
Cafe Latte (Almond),Cafe Operations -  KSA Cafe,,
Cafe Latte (Skim),Cafe Operations -  KSA Cafe,,
Cafe Latte (Soy),Cafe Operations -  KSA Cafe,,
Cafe Latte (Soy),Cafe Operations -  KSA Cafe,,
Cafe Mocha (2%),Cafe Operations -  KSA Cafe,,
Cafe Mocha (Almond),Cafe Operations -  KSA Cafe,,
Cafe Mocha (Almond),Cafe Operations -  KSA Cafe,,
Cafe Mocha (Skim),Cafe Operations -  KSA Cafe,,
Cafe Mocha (Soy),Cafe Operations -  KSA Cafe,,
Cafe Mocha (Soy),Cafe Operations -  KSA Cafe,,
Cappuccino (2%),Cafe Operations -  KSA Cafe,,
Cappuccino (Almond),Cafe Operations -  KSA Cafe,,
Cappuccino (Almond),Cafe Operations -  KSA Cafe,,
Cappuccino (Skim),Cafe Operations -  KSA Cafe,,
Cappuccino (Soy),Cafe Operations -  KSA Cafe,,
Cappuccino (Soy),Cafe Operations -  KSA Cafe,,
Carmilla Macchiato (Almond),Cafe Operations -  KSA Cafe,,
Carmilla Macchiato (Almond),Cafe Operations -  KSA Cafe,,
Carmilla Macchiato (Skim),Cafe Operations -  KSA Cafe,,
Carmilla Macchiato (Soy),Cafe Operations -  KSA Cafe,,
Carmilla Macchiato (Soy),Cafe Operations -  KSA Cafe,,
Chai Latte (2%),Cafe Operations -  KSA Cafe,,
Chai Latte (Almond),Cafe Operations -  KSA Cafe,,
Chai Latte (Almond),Cafe Operations -  KSA Cafe,,
Chai Latte (Skim),Cafe Operations -  KSA Cafe,,
Chai Latte (Soy),Cafe Operations -  KSA Cafe,,
Chai Latte (Soy),Cafe Operations -  KSA Cafe,,
Con Panna,Cafe Operations -  KSA Cafe,,
Double Espresso Macchiato,Cafe Operations -  KSA Cafe,,
Espresso Shot,Cafe Operations -  KSA Cafe,,
Hot Cocoa (2%),Cafe Operations -  KSA Cafe,,
Hot Cocoa (2%),Cafe Operations -  KSA Cafe,,
Hot Cocoa (Skim),Cafe Operations -  KSA Cafe,,
Hot Cocoa (Soy),Cafe Operations -  KSA Cafe,,
Hot Cocoa (Soy),Cafe Operations -  KSA Cafe,,
Matcha Latte (2%),Cafe Operations -  KSA Cafe,,
Matcha Latte (Almond),Cafe Operations -  KSA Cafe,,
Matcha Latte (Almond),Cafe Operations -  KSA Cafe,,
Morning Sky Medium Roast,Cafe Operations -  KSA Cafe,,
Splash of Milk (2%),Cafe Operations -  KSA Cafe,,
Splash of Milk (Skim),Cafe Operations -  KSA Cafe,,
TBC Mocha (2%),Cafe Operations -  KSA Cafe,,
TBC Mocha (2%),Cafe Operations -  KSA Cafe,,
TBC Mocha (Almond),Cafe Operations -  KSA Cafe,,
TBC Mocha (Skim),Cafe Operations -  KSA Cafe,,
TBC Mocha (Skim),Cafe Operations -  KSA Cafe,,
TBC Mocha (Soy),Cafe Operations -  KSA Cafe,,
White Chocolate Mocha (2%),Cafe Operations -  KSA Cafe,,
White Chocolate Mocha (2%),Cafe Operations -  KSA Cafe,,
White Chocolate Mocha (Almond),Cafe Operations -  KSA Cafe,,
White Chocolate Mocha (Skim),Cafe Operations -  KSA Cafe,,
White Chocolate Mocha (Skim),Cafe Operations -  KSA Cafe,,
White Chocolate Mocha (Soy),Cafe Operations -  KSA Cafe,,
Black Iced Tea,Cafe Operations -  KSA Cafe,,
Cold Brew Iced Coffee,Cafe Operations -  KSA Cafe,,
Ginger Green Iced Tea,Cafe Operations -  KSA Cafe,,
Iced Americano (2%),Cafe Operations -  KSA Cafe,,
Iced Buckeye Mocha (2%),Cafe Operations -  KSA Cafe,,
Iced Buckeye Mocha (Almond),Cafe Operations -  KSA Cafe,,
Iced Buckeye Mocha (Skim),Cafe Operations -  KSA Cafe,,
Iced Buckeye Mocha (Soy),Cafe Operations -  KSA Cafe,,
Iced Cafe Latte (2%),Cafe Operations -  KSA Cafe,,
Iced Cafe Latte (Almond),Cafe Operations -  KSA Cafe,,
Iced Cafe Latte (Skim),Cafe Operations -  KSA Cafe,,
Iced Cafe Latte (Soy),Cafe Operations -  KSA Cafe,,
Iced Carmilla Macchiato (2%),Cafe Operations -  KSA Cafe,,
Iced Carmilla Macchiato (Almond),Cafe Operations -  KSA Cafe,,
Iced Carmilla Macchiato (Skim),Cafe Operations -  KSA Cafe,,
Iced Carmilla Macchiato (Soy),Cafe Operations -  KSA Cafe,,
Iced Chai Latte (2%),Cafe Operations -  KSA Cafe,,
Iced Chai Latte (Almond),Cafe Operations -  KSA Cafe,,
Iced Chai Latte (Skim),Cafe Operations -  KSA Cafe,,
Iced Matcha Latte (2%),Cafe Operations -  KSA Cafe,,
Iced Matcha Latte (Almond),Cafe Operations -  KSA Cafe,,
Iced Mocha (2%),Cafe Operations -  KSA Cafe,,
Iced Mocha (Almond),Cafe Operations -  KSA Cafe,,
Iced Mocha (Skim),Cafe Operations -  KSA Cafe,,
Iced Mocha (Soy),Cafe Operations -  KSA Cafe,,
Iced TBC Mocha (2%),Cafe Operations -  KSA Cafe,,
Iced TBC Mocha (Almond),Cafe Operations -  KSA Cafe,,
Iced TBC Mocha (Skim),Cafe Operations -  KSA Cafe,,
Iced TBC Mocha (Soy),Cafe Operations -  KSA Cafe,,
Iced White Mocha (2%),Cafe Operations -  KSA Cafe,,
Iced White Mocha (Almond),Cafe Operations -  KSA Cafe,,
Iced White Mocha (Skim),Cafe Operations -  KSA Cafe,,
Iced White Mocha (Soy),Cafe Operations -  KSA Cafe,,
Unsweetened Vanilla Almond Milk,Cafe Operations -  KSA Cafe,,
Milk - 2%,Cafe Operations -  KSA Cafe,,
Raspberry Hibiscus Iced Tea Lrg-HC,Cafe Operations -  KSA Cafe,,
Frozen Buckeye Mocha,Cafe Operations -  KSA Cafe,,
Frozen Cafe Melmoso,Cafe Operations -  KSA Cafe,,
Frozen Carmilla Macchiato,Cafe Operations -  KSA Cafe,,
Frozen Chai (2%),Cafe Operations -  KSA Cafe,,
Frozen Hot Chocolate (2%),Cafe Operations -  KSA Cafe,,
Frozen Matcha Latte Large,Cafe Operations -  KSA Cafe,,
Frozen TBC Mocha (2%),Cafe Operations -  KSA Cafe,,
Frozen White Mocha (2%),Cafe Operations -  KSA Cafe,,
"Bubble Tea, Fruita Melmoso Mango",Cafe Operations -  KSA Cafe,,
"Bubble Tea, Honey Vanilla",Cafe Operations -  KSA Cafe,,
Fruita Melmoso Strawberry,Cafe Operations -  KSA Cafe,,
Fruita Melmoso Peach,Cafe Operations -  KSA Cafe,,
Mango Bubble Tea,Cafe Operations -  KSA Cafe,,
Bento - Hummus Box,Cafe Operations -  KSA Cafe,,
Fruit Salad,Cafe Operations -  KSA Cafe,,
Veggie Cup,Cafe Operations -  KSA Cafe,,
Bowl - Southwest Chicken & Quinoa,Cafe Operations -  KSA Cafe,,
Chicken Salad,Cafe Operations -  KSA Cafe,,
Salad - Asian Chicken,Cafe Operations -  KSA Cafe,,
Salad - Grilled Chicken Caesar,Cafe Operations -  KSA Cafe,,
Salad - Modern Cobb,Cafe Operations -  KSA Cafe,,
Salad - Power Green,Cafe Operations -  KSA Cafe,,
Roast Beef Sandwich,Cafe Operations -  KSA Cafe,,
Sandwich - Turkey & Muenster on Wheat,Cafe Operations -  KSA Cafe,,
Sub - Turkey (No Gluten Ingredients),Cafe Operations -  KSA Cafe,,
Wrap - Buffalo Chicken,Cafe Operations -  KSA Cafe,,
Wrap - Greek Chicken,Cafe Operations -  KSA Cafe,,
Juice - Apple (10oz),Cafe Operations -  KSA Cafe,,
Unsweetened Vanilla Almond Milk,Cafe Operations -  KSA Cafe,,
Milk - 2%,Cafe Operations -  KSA Cafe,,
Diet Coke (Can),Cafe Operations -  KSA Cafe,,
Bagel - Honey Wheat,Cafe Operations -  Cafe CFAES,,
Salad - Chicken Caprese,Cafe Operations -  Cafe CFAES,,
Bagel - Asiago Cheese,Cafe Operations -  Cafe CFAES,,
Bagel - Honey Wheat,Cafe Operations -  Cafe CFAES,,
Bread - Vegan Zucchini,Cafe Operations -  Cafe CFAES,,
Cookie - Chocolate Chip,Cafe Operations -  Cafe CFAES,,
Cookie - Oatmeal Raisin,Cafe Operations -  Cafe CFAES,,
Muffin - Blueberry,Cafe Operations -  Cafe CFAES,,
Muffin - Vegan Cranberry Orange,Cafe Operations -  Cafe CFAES,,
Chipotle Sweet Potato Soup,Cafe Operations -  Cafe CFAES,,
Chicken Noodle Soup,Cafe Operations -  Cafe CFAES,,
Soup - White Bean and Ham,Cafe Operations -  Cafe CFAES,,
Pizza Bagel-Cheese,Cafe Operations -  Cafe CFAES,,
Sandwich - Avocado Bagel,Cafe Operations -  Cafe CFAES,,
Egg & Ham on Asiago Bagel,Cafe Operations -  Cafe CFAES,,
Apple - Granny Smith,Cafe Operations -  Cafe CFAES,,
Fruit - Banana,Cafe Operations -  Cafe CFAES,,
Bar-88 Acres Triple Berry,Cafe Operations -  Cafe CFAES,,
Vegan Cream Cheese,Cafe Operations -  Cafe CFAES,,
Yogurt - Strawberry Light (Dannon),Cafe Operations -  Cafe CFAES,,
Butter Cup,Cafe Operations -  Cafe CFAES,,
Peanut Butter Cup,Cafe Operations -  Cafe CFAES,,
Americano,Cafe Operations -  Cafe CFAES,,
Americano,Cafe Operations -  Cafe CFAES,,
Buckeye Mocha (2%),Cafe Operations -  Cafe CFAES,,
Buckeye Mocha (Mac),Cafe Operations -  Cafe CFAES,,
Buckeye Mocha (Mac),Cafe Operations -  Cafe CFAES,,
Buckeye Mocha (Skim),Cafe Operations -  Cafe CFAES,,
Buckeye Mocha (Soy),Cafe Operations -  Cafe CFAES,,
Buckeye Mocha (Soy),Cafe Operations -  Cafe CFAES,,
Cafe Au Lait (2%),Cafe Operations -  Cafe CFAES,,
Cafe Au Lait (Mac),Cafe Operations -  Cafe CFAES,,
Cafe Au Lait (Mac),Cafe Operations -  Cafe CFAES,,
Cafe Au Lait (Skim),Cafe Operations -  Cafe CFAES,,
Cafe Au Lait (Soy),Cafe Operations -  Cafe CFAES,,
Cafe Au Lait (Soy),Cafe Operations -  Cafe CFAES,,
Cafe Latte (2%),Cafe Operations -  Cafe CFAES,,
Cafe Latte (Mac),Cafe Operations -  Cafe CFAES,,
Cafe Latte (Mac),Cafe Operations -  Cafe CFAES,,
Cafe Latte (Skim),Cafe Operations -  Cafe CFAES,,
Cafe Latte (Soy),Cafe Operations -  Cafe CFAES,,
Cafe Latte (Soy),Cafe Operations -  Cafe CFAES,,
Cafe Mocha (2%),Cafe Operations -  Cafe CFAES,,
Cafe Mocha (Mac),Cafe Operations -  Cafe CFAES,,
Cafe Mocha (Mac),Cafe Operations -  Cafe CFAES,,
Cafe Mocha (Skim),Cafe Operations -  Cafe CFAES,,
Cafe Mocha (Soy),Cafe Operations -  Cafe CFAES,,
Cafe Mocha (Soy),Cafe Operations -  Cafe CFAES,,
Cappuccino (2%),Cafe Operations -  Cafe CFAES,,
Cappuccino (Mac),Cafe Operations -  Cafe CFAES,,
Cappuccino (Mac),Cafe Operations -  Cafe CFAES,,
Cappuccino (Skim),Cafe Operations -  Cafe CFAES,,
Cappuccino (Soy),Cafe Operations -  Cafe CFAES,,
Carmilla Macchiato (2%),Cafe Operations -  Cafe CFAES,,
Carmilla Macchiato (Skim),Cafe Operations -  Cafe CFAES,,
Carmilla Macchiato (Soy),Cafe Operations -  Cafe CFAES,,
Carmilla Macchiato (Soy),Cafe Operations -  Cafe CFAES,,
Chai Latte (2%),Cafe Operations -  Cafe CFAES,,
Chai Latte (Mac),Cafe Operations -  Cafe CFAES,,
Chai Latte (Mac),Cafe Operations -  Cafe CFAES,,
Chai Latte (Skim),Cafe Operations -  Cafe CFAES,,
Chai Latte (Soy),Cafe Operations -  Cafe CFAES,,
Chai Latte (Soy),Cafe Operations -  Cafe CFAES,,
Con Panna,Cafe Operations -  Cafe CFAES,,
Double Espresso Macchiato,Cafe Operations -  Cafe CFAES,,
Espresso Shot,Cafe Operations -  Cafe CFAES,,
Hot Cocoa (2%),Cafe Operations -  Cafe CFAES,,
Hot Cocoa (Mac),Cafe Operations -  Cafe CFAES,,
Hot Cocoa (Mac),Cafe Operations -  Cafe CFAES,,
Hot Cocoa (Skim),Cafe Operations -  Cafe CFAES,,
Hot Cocoa (Soy),Cafe Operations -  Cafe CFAES,,
Hot Cocoa (Soy),Cafe Operations -  Cafe CFAES,,
Matcha Latte (2%),Cafe Operations -  Cafe CFAES,,
Matcha Latte (Soy),Cafe Operations -  Cafe CFAES,,
Matcha Latte (Soy),Cafe Operations -  Cafe CFAES,,
Splash of Milk (Almond),Cafe Operations -  Cafe CFAES,,
Splash of Milk (Soy),Cafe Operations -  Cafe CFAES,,
TBC Mocha (2%),Cafe Operations -  Cafe CFAES,,
TBC Mocha (Mac),Cafe Operations -  Cafe CFAES,,
TBC Mocha (Mac),Cafe Operations -  Cafe CFAES,,
TBC Mocha (Skim),Cafe Operations -  Cafe CFAES,,
TBC Mocha (Soy),Cafe Operations -  Cafe CFAES,,
TBC Mocha (Soy),Cafe Operations -  Cafe CFAES,,
White Chocolate Mocha (2%),Cafe Operations -  Cafe CFAES,,
White Chocolate Mocha (Mac),Cafe Operations -  Cafe CFAES,,
White Chocolate Mocha (Mac),Cafe Operations -  Cafe CFAES,,
White Chocolate Mocha (Skim),Cafe Operations -  Cafe CFAES,,
White Chocolate Mocha (Soy),Cafe Operations -  Cafe CFAES,,
White Chocolate Mocha (Soy),Cafe Operations -  Cafe CFAES,,
White Hot Cocoa (2%),Cafe Operations -  Cafe CFAES,,
White Hot Cocoa (Skim),Cafe Operations -  Cafe CFAES,,
White Hot Cocoa (Skim),Cafe Operations -  Cafe CFAES,,
White Hot Cocoa (Soy),Cafe Operations -  Cafe CFAES,,
Black Iced Tea,Cafe Operations -  Cafe CFAES,,
Cold Brew Iced Coffee,Cafe Operations -  Cafe CFAES,,
Ginger Green Iced Tea,Cafe Operations -  Cafe CFAES,,
Iced Americano (2%),Cafe Operations -  Cafe CFAES,,
Iced Buckeye Mocha (2%),Cafe Operations -  Cafe CFAES,,
Iced Buckeye Mocha (Mac),Cafe Operations -  Cafe CFAES,,
Iced Buckeye Mocha (Skim),Cafe Operations -  Cafe CFAES,,
Iced Buckeye Mocha (Soy),Cafe Operations -  Cafe CFAES,,
Iced Cafe Latte (2%),Cafe Operations -  Cafe CFAES,,
Iced Cafe Latte (Mac),Cafe Operations -  Cafe CFAES,,
Iced Cafe Latte (Skim),Cafe Operations -  Cafe CFAES,,
Iced Cafe Latte (Soy),Cafe Operations -  Cafe CFAES,,
Iced Carmilla Macchiato (2%),Cafe Operations -  Cafe CFAES,,
Iced Carmilla Macchiato (Mac),Cafe Operations -  Cafe CFAES,,
Iced Carmilla Macchiato (Skim),Cafe Operations -  Cafe CFAES,,
Iced Carmilla Macchiato (Soy),Cafe Operations -  Cafe CFAES,,
Iced Chai Latte (2%),Cafe Operations -  Cafe CFAES,,
Iced Chai Latte (Almond),Cafe Operations -  Cafe CFAES,,
Iced Chai Latte (Mac),Cafe Operations -  Cafe CFAES,,
Iced Chai Latte (Soy),Cafe Operations -  Cafe CFAES,,
Iced Matcha Latte (2%),Cafe Operations -  Cafe CFAES,,
Iced Mocha (2%),Cafe Operations -  Cafe CFAES,,
Iced Mocha (Mac),Cafe Operations -  Cafe CFAES,,
Iced Mocha (Skim),Cafe Operations -  Cafe CFAES,,
Iced Mocha (Soy),Cafe Operations -  Cafe CFAES,,
Iced TBC Mocha (2%),Cafe Operations -  Cafe CFAES,,
Iced TBC Mocha (Mac),Cafe Operations -  Cafe CFAES,,
Iced TBC Mocha (Skim),Cafe Operations -  Cafe CFAES,,
Iced TBC Mocha (Soy),Cafe Operations -  Cafe CFAES,,
Iced White Mocha (2%),Cafe Operations -  Cafe CFAES,,
Iced White Mocha (Mac),Cafe Operations -  Cafe CFAES,,
Iced White Mocha (Skim),Cafe Operations -  Cafe CFAES,,
Iced White Mocha (Soy),Cafe Operations -  Cafe CFAES,,
Unsweetened Vanilla Almond Milk,Cafe Operations -  Cafe CFAES,,
Milk - 2%,Cafe Operations -  Cafe CFAES,,
Raspberry Hibiscus Iced Tea Lrg-HC,Cafe Operations -  Cafe CFAES,,
Frozen Buckeye Mocha,Cafe Operations -  Cafe CFAES,,
Frozen Cafe Melmoso,Cafe Operations -  Cafe CFAES,,
Frozen Carmilla Macchiato,Cafe Operations -  Cafe CFAES,,
Frozen Chai (2%),Cafe Operations -  Cafe CFAES,,
Frozen Hot Chocolate (2%),Cafe Operations -  Cafe CFAES,,
Frozen Matcha Latte Large,Cafe Operations -  Cafe CFAES,,
Frozen TBC Mocha (2%),Cafe Operations -  Cafe CFAES,,
Frozen White Mocha (2%),Cafe Operations -  Cafe CFAES,,
Fruita Melmoso Strawberry,Cafe Operations -  Cafe CFAES,,
Fruita Melmoso Peach,Cafe Operations -  Cafe CFAES,,
Bento - Hummus Box,Cafe Operations -  Cafe CFAES,,
Grape & Berry Cup,Cafe Operations -  Cafe CFAES,,
Kind Bar-Dark Chocolate Nut & Sea Salt,Cafe Operations -  Cafe CFAES,,
Salad - Fruit,Cafe Operations -  Cafe CFAES,,
Bowl - Southwest Chicken & Quinoa,Cafe Operations -  Cafe CFAES,,
Chicken Salad,Cafe Operations -  Cafe CFAES,,
Salad - Asian Chicken,Cafe Operations -  Cafe CFAES,,
Salad - Grilled Chicken Caesar,Cafe Operations -  Cafe CFAES,,
Salad - Mediterranean Chicken,Cafe Operations -  Cafe CFAES,,
Pasta Salad,Cafe Operations -  Cafe CFAES,,
Roast Beef Sandwich,Cafe Operations -  Cafe CFAES,,
Sandwich - Turkey & Muenster on Wheat,Cafe Operations -  Cafe CFAES,,
Sub - Turkey (No Gluten Ingredients),Cafe Operations -  Cafe CFAES,,
Wrap - Buffalo Chicken,Cafe Operations -  Cafe CFAES,,
Wrap - Curried Chickpea,Cafe Operations -  Cafe CFAES,,
Juice - Apple (10oz),Cafe Operations -  Cafe CFAES,,
Milk - 1%,Cafe Operations -  Cafe CFAES,,
Coke Classic (Can),Cafe Operations -  Cafe CFAES,,
Sprite (Can),Cafe Operations -  Cafe CFAES,,
Dressing Packet - Caesar,Connecting Grounds,40.0049032,-83.0131808
Dressing Packet - Ranch,Connecting Grounds,40.0049032,-83.0131808
Bagel - Asiago Cheese,Connecting Grounds,40.0049032,-83.0131808
Bagel - Everything,Connecting Grounds,40.0049032,-83.0131808
Bagel - Plain,Connecting Grounds,40.0049032,-83.0131808
Bread - Cheddar Scone,Connecting Grounds,40.0049032,-83.0131808
Cinnamon Roll,Connecting Grounds,40.0049032,-83.0131808
Cookie - M&M,Connecting Grounds,40.0049032,-83.0131808
Cookie - Vegan Snickerdoodle,Connecting Grounds,40.0049032,-83.0131808
Muffin - Chocolate Chip,Connecting Grounds,40.0049032,-83.0131808
Almondine Croissant,Connecting Grounds,40.0049032,-83.0131808
"Egg, Bacon and Cheese on Ciabatta",Connecting Grounds,40.0049032,-83.0131808
Cheese - Plain Cream Cheese,Connecting Grounds,40.0049032,-83.0131808
Cheese - Strawberry Cream Cheese,Connecting Grounds,40.0049032,-83.0131808
Vegan Cream Cheese,Connecting Grounds,40.0049032,-83.0131808
Brewed Coffee (Armando's Blend),Connecting Grounds,40.0049032,-83.0131808
Brewed Coffee (Armando's Blend),Connecting Grounds,40.0049032,-83.0131808
Buckeye Mocha (2%),Connecting Grounds,40.0049032,-83.0131808
Buckeye Mocha (Skim),Connecting Grounds,40.0049032,-83.0131808
Buckeye Mocha (Skim),Connecting Grounds,40.0049032,-83.0131808
Buckeye Mocha (Soy),Connecting Grounds,40.0049032,-83.0131808
Caffe Americano,Connecting Grounds,40.0049032,-83.0131808
Caffe Americano,Connecting Grounds,40.0049032,-83.0131808
Cafe Latte (w/ 2% Milk),Connecting Grounds,40.0049032,-83.0131808
Cafe Latte (w/ Almond),Connecting Grounds,40.0049032,-83.0131808
Cafe Latte (w/ Almond),Connecting Grounds,40.0049032,-83.0131808
Cafe Latte (w/ Coconut),Connecting Grounds,40.0049032,-83.0131808
Cafe Latte (w/ Skim),Connecting Grounds,40.0049032,-83.0131808
Cafe Latte (w/ Skim),Connecting Grounds,40.0049032,-83.0131808
Cafe Latte (w/ Soy),Connecting Grounds,40.0049032,-83.0131808
Caffe Mocha (w/ 2% Milk),Connecting Grounds,40.0049032,-83.0131808
Caffe Mocha (w/ 2% Milk),Connecting Grounds,40.0049032,-83.0131808
Caffe Mocha (w/ Almond),Connecting Grounds,40.0049032,-83.0131808
Caffe Mocha (w/ Coconut),Connecting Grounds,40.0049032,-83.0131808
Caffe Mocha (w/ Coconut),Connecting Grounds,40.0049032,-83.0131808
Caffe Mocha (w/ Skim),Connecting Grounds,40.0049032,-83.0131808
Caffe Mocha (w/ Soy),Connecting Grounds,40.0049032,-83.0131808
Caffe Mocha (w/ Soy),Connecting Grounds,40.0049032,-83.0131808
Cappuccino (w/ 2% Milk),Connecting Grounds,40.0049032,-83.0131808
Cappuccino (w/ Almond),Connecting Grounds,40.0049032,-83.0131808
Cappuccino (w/ Almond),Connecting Grounds,40.0049032,-83.0131808
Cappuccino (w/ Coconut),Connecting Grounds,40.0049032,-83.0131808
Cappuccino (w/ Skim),Connecting Grounds,40.0049032,-83.0131808
Cappuccino (w/ Skim),Connecting Grounds,40.0049032,-83.0131808
Cappuccino (w/ Soy),Connecting Grounds,40.0049032,-83.0131808
Chai Latte (w/ 2% Milk),Connecting Grounds,40.0049032,-83.0131808
Chai Latte (w/ 2% Milk),Connecting Grounds,40.0049032,-83.0131808
Chai Latte (w/ Almond),Connecting Grounds,40.0049032,-83.0131808
Chai Latte (w/ Coconut),Connecting Grounds,40.0049032,-83.0131808
Chai Latte (w/ Coconut),Connecting Grounds,40.0049032,-83.0131808
Chai Latte (w/ Skim),Connecting Grounds,40.0049032,-83.0131808
Chai Latte (w/ Soy),Connecting Grounds,40.0049032,-83.0131808
Chai Latte (w/ Soy),Connecting Grounds,40.0049032,-83.0131808
Espresso (Single Shot),Connecting Grounds,40.0049032,-83.0131808
Grounds Mocha (w/ 2% Milk),Connecting Grounds,40.0049032,-83.0131808
Grounds Mocha (w/ Almond),Connecting Grounds,40.0049032,-83.0131808
Grounds Mocha (w/ Almond),Connecting Grounds,40.0049032,-83.0131808
Grounds Mocha (w/ Coconut),Connecting Grounds,40.0049032,-83.0131808
Grounds Mocha (w/ Skim),Connecting Grounds,40.0049032,-83.0131808
Grounds Mocha (w/ Skim),Connecting Grounds,40.0049032,-83.0131808
Grounds Mocha (w/ Soy),Connecting Grounds,40.0049032,-83.0131808
Hot Choc. (w/ 2% Milk),Connecting Grounds,40.0049032,-83.0131808
Hot Choc. (w/ 2% Milk),Connecting Grounds,40.0049032,-83.0131808
Hot Choc. (w/ Almond),Connecting Grounds,40.0049032,-83.0131808
Hot Choc. (w/ Coconut),Connecting Grounds,40.0049032,-83.0131808
Hot Choc. (w/ Coconut),Connecting Grounds,40.0049032,-83.0131808
Hot Choc. (w/ Skim),Connecting Grounds,40.0049032,-83.0131808
Hot Choc. (w/ Soy),Connecting Grounds,40.0049032,-83.0131808
Hot Choc. (w/ Soy),Connecting Grounds,40.0049032,-83.0131808
Hot Matcha Green Tea Latte,Connecting Grounds,40.0049032,-83.0131808
Steamer (w/ 2% Milk),Connecting Grounds,40.0049032,-83.0131808
Steamer (2%),Connecting Grounds,40.0049032,-83.0131808
Steamer (w/ Almond),Connecting Grounds,40.0049032,-83.0131808
Steamer (w/ Coconut),Connecting Grounds,40.0049032,-83.0131808
Steamer (w/ Coconut),Connecting Grounds,40.0049032,-83.0131808
Steamer (w/ Skim),Connecting Grounds,40.0049032,-83.0131808
Steamer (w/ Soy),Connecting Grounds,40.0049032,-83.0131808
Steamer (w/ Soy),Connecting Grounds,40.0049032,-83.0131808
Caramel Syrup (Sugar Free),Connecting Grounds,40.0049032,-83.0131808
Vanilla Syrup (Sugar Free),Connecting Grounds,40.0049032,-83.0131808
Van. Latte (w/ 2% Milk),Connecting Grounds,40.0049032,-83.0131808
Van. Latte (w/ 2% Milk),Connecting Grounds,40.0049032,-83.0131808
Van. Latte (w/ Almond),Connecting Grounds,40.0049032,-83.0131808
Van. Latte (w/ Coconut),Connecting Grounds,40.0049032,-83.0131808
Van. Latte (w/ Coconut),Connecting Grounds,40.0049032,-83.0131808
Van. Latte (w/ Skim),Connecting Grounds,40.0049032,-83.0131808
Van. Latte (w/ Soy),Connecting Grounds,40.0049032,-83.0131808
Van. Latte (w/ Soy),Connecting Grounds,40.0049032,-83.0131808
White Mocha (w/ 2% Milk),Connecting Grounds,40.0049032,-83.0131808
White Mocha (w/ Almond),Connecting Grounds,40.0049032,-83.0131808
White Mocha (w/ Almond),Connecting Grounds,40.0049032,-83.0131808
White Mocha (w/ Coconut),Connecting Grounds,40.0049032,-83.0131808
White Mocha (w/ Skim),Connecting Grounds,40.0049032,-83.0131808
White Mocha (w/ Skim),Connecting Grounds,40.0049032,-83.0131808
White Mocha (w/ Soy),Connecting Grounds,40.0049032,-83.0131808
Iced Buckeye Mocha (2%),Connecting Grounds,40.0049032,-83.0131808
Iced Buckeye Mocha (w/ Skim Milk),Connecting Grounds,40.0049032,-83.0131808
Iced Buckeye Mocha (Soy),Connecting Grounds,40.0049032,-83.0131808
Iced Cafe Mocha (2%),Connecting Grounds,40.0049032,-83.0131808
Iced Cafe Latte (w/ 2% Milk),Connecting Grounds,40.0049032,-83.0131808
Iced Cafe Latte (w/ Almond),Connecting Grounds,40.0049032,-83.0131808
Iced Cafe Latte (w/ Coconut),Connecting Grounds,40.0049032,-83.0131808
Iced Cafe Latte (w/ Skim),Connecting Grounds,40.0049032,-83.0131808
Iced Cafe Latte (w/ Soy),Connecting Grounds,40.0049032,-83.0131808
Iced Caffe Mocha (w/ Almond),Connecting Grounds,40.0049032,-83.0131808
Iced Caffe Mocha (w/ Coconut) LRG,Connecting Grounds,40.0049032,-83.0131808
Iced Caffe Mocha (w/ Skim),Connecting Grounds,40.0049032,-83.0131808
Iced Caffe Mocha (w/ Soy),Connecting Grounds,40.0049032,-83.0131808
Iced Chai Latte (w/ 2% Milk),Connecting Grounds,40.0049032,-83.0131808
Iced Coffee,Connecting Grounds,40.0049032,-83.0131808
Iced Grounds Mocha (w/ 2% Milk),Connecting Grounds,40.0049032,-83.0131808
Iced Tea (Organic Black),Connecting Grounds,40.0049032,-83.0131808
Iced Tea (Organic Green),Connecting Grounds,40.0049032,-83.0131808
Iced Van. Latte (w/ 2% Milk),Connecting Grounds,40.0049032,-83.0131808
Iced Van. Latte (w/ Almond),Connecting Grounds,40.0049032,-83.0131808
Iced Van. Latte (w/ Coconut),Connecting Grounds,40.0049032,-83.0131808
Iced Van. Latte (w/ Skim),Connecting Grounds,40.0049032,-83.0131808
Iced Van. Latte (w/ Soy),Connecting Grounds,40.0049032,-83.0131808
Iced White Mocha (w/ 2% Milk),Connecting Grounds,40.0049032,-83.0131808
Iced White Mocha (w/ Almond),Connecting Grounds,40.0049032,-83.0131808
Iced White Mocha (w/ Coconut),Connecting Grounds,40.0049032,-83.0131808
Iced White Mocha (w/ Skim),Connecting Grounds,40.0049032,-83.0131808
Iced White Mocha (w/ Soy),Connecting Grounds,40.0049032,-83.0131808
Frzn Cafe Mocha (w/ 2% Milk),Connecting Grounds,40.0049032,-83.0131808
Frzn Cafe Mocha (w/ Almond),Connecting Grounds,40.0049032,-83.0131808
Frzn Cafe Mocha (w/ Coconut),Connecting Grounds,40.0049032,-83.0131808
Frzn Cafe Mocha (w/ Skim),Connecting Grounds,40.0049032,-83.0131808
Frzn Cafe Mocha (w/ Soy),Connecting Grounds,40.0049032,-83.0131808
Frzn Chai Latte,Connecting Grounds,40.0049032,-83.0131808
Frzn Chai Latte (w/ Almond),Connecting Grounds,40.0049032,-83.0131808
Frzn Chai Latte (w/ Coconut),Connecting Grounds,40.0049032,-83.0131808
Frzn Chai Latte (w/ Skim),Connecting Grounds,40.0049032,-83.0131808
Frzn Chai Latte (w/ Soy),Connecting Grounds,40.0049032,-83.0131808
Frozen Grounds Mocha (w/ 2% Milk),Connecting Grounds,40.0049032,-83.0131808
Frzn Grounds Mocha (w/Almond),Connecting Grounds,40.0049032,-83.0131808
Frozen Grounds Mocha (w/Coconut),Connecting Grounds,40.0049032,-83.0131808
Frzn Grounds Mocha (w/ Skim),Connecting Grounds,40.0049032,-83.0131808
Frzn Grounds Mocha (w/ Soy),Connecting Grounds,40.0049032,-83.0131808
Frzn Hot Choc. (w/ 2% Milk),Connecting Grounds,40.0049032,-83.0131808
Frzn Hot Choc. (w/ Almond),Connecting Grounds,40.0049032,-83.0131808
Frzn Hot Choc. (w/ Coconut),Connecting Grounds,40.0049032,-83.0131808
Frzn Hot Choc. (w/ Skim),Connecting Grounds,40.0049032,-83.0131808
Frzn Hot Choc. (w/ Soy),Connecting Grounds,40.0049032,-83.0131808
Frzn Latte (w/ 2% Milk),Connecting Grounds,40.0049032,-83.0131808
Frzn Matcha Green Tea Latte,Connecting Grounds,40.0049032,-83.0131808
Frozen Van. Creme (w/ 2% Milk),Connecting Grounds,40.0049032,-83.0131808
Frzn Van. Creme (w/ Almond),Connecting Grounds,40.0049032,-83.0131808
Frzn Van. Creme (w/ Coconut),Connecting Grounds,40.0049032,-83.0131808
Frzn Van. Creme (w/ Skim),Connecting Grounds,40.0049032,-83.0131808
Frzn Van. Creme (w/ Soy),Connecting Grounds,40.0049032,-83.0131808
Frzn Van. Latte (w/ 2% Milk),Connecting Grounds,40.0049032,-83.0131808
Frzn Van. Latte (w/ Almond),Connecting Grounds,40.0049032,-83.0131808
Frzn Van. Latte (w/ Coconut),Connecting Grounds,40.0049032,-83.0131808
Frzn Van. Latte (w/ Skim),Connecting Grounds,40.0049032,-83.0131808
Frzn Van. Latte (w/ Soy),Connecting Grounds,40.0049032,-83.0131808
Frzn White Mocha (w/ 2% Milk),Connecting Grounds,40.0049032,-83.0131808
Frzn White Mocha (w/ Almond),Connecting Grounds,40.0049032,-83.0131808
Frzn White Mocha (w/ Coconut),Connecting Grounds,40.0049032,-83.0131808
Frzn White Mocha (w/ Skim),Connecting Grounds,40.0049032,-83.0131808
Frzn White Mocha (w/ Soy),Connecting Grounds,40.0049032,-83.0131808
Berry Smoothie,Connecting Grounds,40.0049032,-83.0131808
Strawberry Banana Smoothie,Connecting Grounds,40.0049032,-83.0131808
Bento - Hummus Box,Connecting Grounds,40.0049032,-83.0131808
Sliced Apples & Peanut Butter,Connecting Grounds,40.0049032,-83.0131808
Small Fresh Fruit Salad,Connecting Grounds,40.0049032,-83.0131808
Parfait - Yogurt and Granola,Connecting Grounds,40.0049032,-83.0131808
Apple Arugula Salad,Connecting Grounds,40.0049032,-83.0131808
Buffalo Chicken Salad,Connecting Grounds,40.0049032,-83.0131808
Salad - Small House,Connecting Grounds,40.0049032,-83.0131808
Salad - Modern Cobb,Connecting Grounds,40.0049032,-83.0131808
Sandwich - Caprese,Connecting Grounds,40.0049032,-83.0131808
Roast Beef Sandwich,Connecting Grounds,40.0049032,-83.0131808
Sandwich-Turkey Muenster (No Gluten In.),Connecting Grounds,40.0049032,-83.0131808
Sub-Chicken Salad(No Gluten Ingredients),Connecting Grounds,40.0049032,-83.0131808
Sub - Italian (No Gluten Ingredients),Connecting Grounds,40.0049032,-83.0131808
Sub - Italian,Connecting Grounds,40.0049032,-83.0131808
Chicken Caesar Wrap,Connecting Grounds,40.0049032,-83.0131808
Wrap - Greek Chicken,Connecting Grounds,40.0049032,-83.0131808
Juice - Simply Apple,Connecting Grounds,40.0049032,-83.0131808
Juice - Simply Raspberry Lemonade,Connecting Grounds,40.0049032,-83.0131808
Breakfast Burrito,Curl Market,40.0043617,-83.0109423
Beef Philly Meat,Curl Market,40.0043617,-83.0109423
Cheese - Sliced Provolone,Curl Market,40.0043617,-83.0109423
Sauteed Mushrooms,Curl Market,40.0043617,-83.0109423
Beyond Burger Patty,Curl Market,40.0043617,-83.0109423
Cheese - Mild Cheddar Sliced,Curl Market,40.0043617,-83.0109423
Gluten Free Bun,Curl Market,40.0043617,-83.0109423
Grilled Hamburger Patty,Curl Market,40.0043617,-83.0109423
Lettuce Leaf,Curl Market,40.0043617,-83.0109423
Sauce - Sweet and Bold BBQ,Curl Market,40.0043617,-83.0109423
Cheese Flatbread Pizza,Curl Market,40.0043617,-83.0109423
Pepperoni Flatbread Pizza,Curl Market,40.0043617,-83.0109423
White Flatbread Pizza,Curl Market,40.0043617,-83.0109423
Naan Sandwich with Chicken,Curl Market,40.0043617,-83.0109423
Naan Veggie Sandwich,Curl Market,40.0043617,-83.0109423
Tandoori Tofu Bowl,Curl Market,40.0043617,-83.0109423
Vegetable Samosas,Curl Market,40.0043617,-83.0109423
Broth - Thai Coconut,Curl Market,40.0043617,-83.0109423
Chicken Pho,Curl Market,40.0043617,-83.0109423
Cilantro,Curl Market,40.0043617,-83.0109423
Korean BBQ Short Rib,Curl Market,40.0043617,-83.0109423
Onion - Green,Curl Market,40.0043617,-83.0109423
Soybean - Edamame,Curl Market,40.0043617,-83.0109423
Tofu Pho,Curl Market,40.0043617,-83.0109423
Flour Tortilla,Curl Market,40.0043617,-83.0109423
Meat - Taco,Curl Market,40.0043617,-83.0109423
Shredded Pork,Curl Market,40.0043617,-83.0109423
Black Beans,Curl Market,40.0043617,-83.0109423
Cilantro Lime Rice,Curl Market,40.0043617,-83.0109423
Lettuce (Shredded),Curl Market,40.0043617,-83.0109423
Pico De Gallo,Curl Market,40.0043617,-83.0109423
Spicy Potatoes,Curl Market,40.0043617,-83.0109423
Shredded Romaine,Curl Market,40.0043617,-83.0109423
Corn Salsa,Curl Market,40.0043617,-83.0109423
Scrambled Egg,Curl Market,40.0043617,-83.0109423
Verde Tomatillo Salsa,Curl Market,40.0043617,-83.0109423
Dressing Packet - Italian Dressing,Curl Market,40.0043617,-83.0109423
Dressing Packet - Caesar,Curl Market,40.0043617,-83.0109423
Dressing Packet - Ranch,Curl Market,40.0043617,-83.0109423
Chili with Beans,Curl Market,40.0043617,-83.0109423
Soup - Corn Chowder,Curl Market,40.0043617,-83.0109423
Soup - Tomato Tortellini,Curl Market,40.0043617,-83.0109423
Soup - Chicken Noodle,Curl Market,40.0043617,-83.0109423
BBQ Chicken Sandwich,Curl Market,40.0043617,-83.0109423
Ham & Cheese Sandwich,Curl Market,40.0043617,-83.0109423
Meatball Sub,Curl Market,40.0043617,-83.0109423
Sandwich - Veggie,Curl Market,40.0043617,-83.0109423
Bread - Hoagie Bun,Curl Market,40.0043617,-83.0109423
Beef Shawarma,Curl Market,40.0043617,-83.0109423
Cheese - Ghost Pepper Jack,Curl Market,40.0043617,-83.0109423
Chipotle BBQ Chicken,Curl Market,40.0043617,-83.0109423
Jalapeno Bacon,Curl Market,40.0043617,-83.0109423
Plant Based Meatball,Curl Market,40.0043617,-83.0109423
BBQ Pork,Curl Market,40.0043617,-83.0109423
Sliced Turkey,Curl Market,40.0043617,-83.0109423
Lemon Garlic Aioli,Curl Market,40.0043617,-83.0109423
Avocado Pulp,Curl Market,40.0043617,-83.0109423
CUCUMBER,Curl Market,40.0043617,-83.0109423
Dressing - Ranch,Curl Market,40.0043617,-83.0109423
Pepper - Banana,Curl Market,40.0043617,-83.0109423
BBQ Ranch Sauce,Curl Market,40.0043617,-83.0109423
Tomato,Curl Market,40.0043617,-83.0109423
Cavatappi Pasta,Curl Market,40.0043617,-83.0109423
Whole Wheat Penne,Curl Market,40.0043617,-83.0109423
Spiral Squash,Curl Market,40.0043617,-83.0109423
Grilled Chicken,Curl Market,40.0043617,-83.0109423
Italian Sausage,Curl Market,40.0043617,-83.0109423
Alfredo Sauce,Curl Market,40.0043617,-83.0109423
Paprikash Sauce,Curl Market,40.0043617,-83.0109423
Roasted Garlic Alfredo,Curl Market,40.0043617,-83.0109423
Sauce- Marinara,Curl Market,40.0043617,-83.0109423
Spinach Alfredo,Curl Market,40.0043617,-83.0109423
Fresh Green Beans,Curl Market,40.0043617,-83.0109423
Cheese - Mozzarella & Provolone,Curl Market,40.0043617,-83.0109423
Roasted Corn,Curl Market,40.0043617,-83.0109423
Roasted Mushrooms,Curl Market,40.0043617,-83.0109423
Spiral Squash,Curl Market,40.0043617,-83.0109423
Canteloupe,Curl Market,40.0043617,-83.0109423
Strawberry,Curl Market,40.0043617,-83.0109423
Sushi - California Roll (w/ Brown Rice),Curl Market,40.0043617,-83.0109423
Sushi - Crunchy Spicy Roll,Curl Market,40.0043617,-83.0109423
Sushi - Philly Roll,Curl Market,40.0043617,-83.0109423
Sushi - Spicy Tuna Roll (Brown Rice),Curl Market,40.0043617,-83.0109423
Sushi - Vegetable Roll (w/ Brown Rice),Curl Market,40.0043617,-83.0109423
Reheat Meal - BBQ Pork Ribs,Curl Market,40.0043617,-83.0109423
Bento - Hummus Box,Curl Market,40.0043617,-83.0109423
Apples & Caramel Cup,Curl Market,40.0043617,-83.0109423
Small Fresh Fruit Salad,Curl Market,40.0043617,-83.0109423
Fruit - Orange,Curl Market,40.0043617,-83.0109423
Parfait - Yogurt and Granola,Curl Market,40.0043617,-83.0109423
Reheat Meal - Chicken Taco,Curl Market,40.0043617,-83.0109423
Reheat Meal - Penne Pasta Marinara,Curl Market,40.0043617,-83.0109423
Reheat Meal - Barbacoa Rice Bowl,Curl Market,40.0043617,-83.0109423
Reheat Meal - Baked Egg,Curl Market,40.0043617,-83.0109423
Reheat Meal - Breakfast Quinoa Bowl,Curl Market,40.0043617,-83.0109423
Reheat Meal - Buffalo Chicken,Curl Market,40.0043617,-83.0109423
Reheat Meal - Cashew Chicken,Curl Market,40.0043617,-83.0109423
Reheat Meal - Chick Cilantro Lime Rice,Curl Market,40.0043617,-83.0109423
Reheat Meal - Flank Steak,Curl Market,40.0043617,-83.0109423
Reheat Meal - Power Greens w/ Chicken,Curl Market,40.0043617,-83.0109423
Reheat Meal - Quinoa w/ Chicken & Veg,Curl Market,40.0043617,-83.0109423
Reheat Meal - Steak & Egg Burrito,Curl Market,40.0043617,-83.0109423
Apple Arugula Salad,Curl Market,40.0043617,-83.0109423
Buffalo Chicken Salad,Curl Market,40.0043617,-83.0109423
Salad - Small House,Curl Market,40.0043617,-83.0109423
Salad - Modern Cobb,Curl Market,40.0043617,-83.0109423
Sandwich - Caprese,Curl Market,40.0043617,-83.0109423
Roasted Vegetable Pita,Curl Market,40.0043617,-83.0109423
Sub-Chicken Salad(No Gluten Ingredients),Curl Market,40.0043617,-83.0109423
Sub - Italian (No Gluten Ingredients),Curl Market,40.0043617,-83.0109423
Sub - Italian,Curl Market,40.0043617,-83.0109423
Chicken Caesar Wrap,Curl Market,40.0043617,-83.0109423
Milk - 2%,Curl Market,40.0043617,-83.0109423
Cookies - Chip Ahoy 100 Calorie Pack,Curl Market,40.0043617,-83.0109423
Cookie - Chocolate Double Chip,Curl Market,40.0043617,-83.0109423
Cracker - Cheese Cheez-It,Curl Market,40.0043617,-83.0109423
Traditional Chex Snack Mix,Curl Market,40.0043617,-83.0109423
